,AlphaFold_ID,Subcellular Location,Organism Type,EC_Number,Accepted_name,Reaction,Sequence,,,,,,,,,,,,,,,,,
0,AF-P61823-F1-model_v4,Secreted,Eukaryota,4.6.1.18,pancreatic ribonuclease,"(1) an [RNA] containing cytidine + H2O = an [RNA]-3'-cytidine-3'-phosphate + a 5'-hydroxy-ribonucleotide-3'-[RNA] (overall reaction);;(1a) an [RNA] containing cytidine = an [RNA]-3'-cytidine-2',3'-cyclophosphate + a 5'-hydroxy-ribonucleotide-3'-[RNA];;(1b) an [RNA]-3'-cytidine-2',3'-cyclophosphate + H2O = an [RNA]-3'-cytidine-3'-phosphate;;(2) an [RNA] containing uridine + H2O = an [RNA]-3'-uridine-3'-phosphate + a 5'-hydroxy-ribonucleotide-3'-[RNA];;(2a) an [RNA] containing uridine = an [RNA]-3'-uridine-2',3'-cyclophosphate + a 5'-hydroxy-ribonucleotide-3'-[RNA];;(2b) an [RNA]-3'-uridine-2',3'-cyclophosphate + H2O = an [RNA]-3'-uridine-3'-phosphate
",MALKSLVLLSLLVLVLLLVRVQPSLGKETAAAKFERQHMDSSTSAASSSNYCNQMMKSRNLTKDRCKPVNTFVHESLADVQAVCSQKNVACKNGQTNCYQSYSTMSITDCRETGSSKYPNCAYKTTQANKHIIVACEGNPYVPVHFDASV,,,,,,,,,,,,,,,,,
1,AF-P08243-F1-model_v4,Lysosome,Eukaryota,6.3.5.4,asparagine synthase (glutamine-hydrolysing),ATP + L-aspartate + L-glutamine + H2O = AMP + diphosphate + L-asparagine + L-glutamate (overall reaction);;(1a) L-glutamine + H2O = L-glutamate + NH3;;(1b) ATP + L-aspartate + NH3 = AMP + diphosphate + L-asparagine,MCGIWALFGSDDCLSVQCLSAMKIAHRGPDAFRFENVNGYTNCCFGFHRLAVVDPLFGMQPIRVKKYPYLWLCYNGEIYNHKKMQQHFEFEYQTKVDGEIILHLYDKGGIEQTICMLDGVFAFVLLDTANKKVFLGRDTYGVRPLFKAMTEDGFLAVCSEAKGLVTLKHSATPFLKVEPFLPGHYEVLDLKPNGKVASVEMVKYHHCRDVPLHALYDNVEKLFPGFEIETVKNNLRILFNNAVKKRLMTDRRIGCLLSGGLDSSLVAATLLKQLKEAQVQYPLQTFAIGMEDSPDLLAARKVADHIGSEHYEVLFNSEEGIQALDEVIFSLETYDITTVRASVGMYLISKYIRKNTDSVVIFSGEGSDELTQGYIYFHKAPSPEKAEEESERLLRELYLFDVLRADRTTAAHGLELRVPFLDHRFSSYYLSLPPEMRIPKNGIEKHLLRETFEDSNLIPKEILWRPKEAFSDGITSVKNSWFKILQEYVEHQVDDAMMANAAQKFPFNTPKTKEGYYYRQVFERHYPGRADWLSHYWMPKWINATDPSARTLTHYKSAVKA,,,,,,,,,,,,,,,,,
2,AF-B0RWG5-F1-model_v4,Secreted,Bacteria,1.8.4.11,peptide-methionine (S)-S-oxide reductase,(1) peptide-L-methionine + thioredoxin disulfide + H2O = peptide-L-methionine (S)-S-oxide + thioredoxin;; (2) L-methionine + thioredoxin disulfide + H2O = L-methionine (S)-S-oxide + thioredoxin,MSQFDLTPPSPAQRDALIAGLSDEEQRVLLHHGTEAPFCGVFLDNKLDGVYTCRLCGLPLFRSNAKFDSGTGWPSFFAPYDPAHVREIRDTSYGMVRTEIVCARCDSHLGHVFPDGPPPTGERHCLNSVSLAFTEDGQPLPNPLQRAGAETQPA,,,,,,,,,,,,,,,,,
3,AF-Q73PT7-F1-model_v4,Cytoplasm,Bacteria,1.8.4.11,peptide-methionine (S)-S-oxide reductase,(1) peptide-L-methionine + thioredoxin disulfide + H2O = peptide-L-methionine (S)-S-oxide + thioredoxin;; (2) L-methionine + thioredoxin disulfide + H2O = L-methionine (S)-S-oxide + thioredoxin,MIKEIYLAGGCFWGVEGYFRQIPGVKETDTGYANGKNDSANYKGLHQSDHAETVKIVYDSSVVSLQELLAHYFRIIDPTSLNKQGNDAGRQYRTGIYYVDDSMIKEINSFVKFMQKKYSRPIVVEVEKLKHFILAEDYHQDYLQKNPGGYCHIDLTLALKPLYDESKFKVPSKEELKKSLKPIQFSVTQEKATERPFTSEYDKFDAEGIYVDITTGKPLFSSLNKYDAGCGWPSFTKAITTQALQYLEDKSLGMNRTEVVSKTGGAHLGHVFDDGPADAGGLRYCINGAALRFIPYDKMEKEGYGDYLPYVKPTGNF,,,,,,,,,,,,,,,,,
4,AF-Q92Y45-F1-model_v4,Cytoplasm,Bacteria,1.8.4.11,peptide-methionine (S)-S-oxide reductase,(1) peptide-L-methionine + thioredoxin disulfide + H2O = peptide-L-methionine (S)-S-oxide + thioredoxin;; (2) L-methionine + thioredoxin disulfide + H2O = L-methionine (S)-S-oxide + thioredoxin,MTKRAVLAGGCFWGMQDLIRKLPGVIETRVGYTGGDVPNATYRNHGTHAEGIEIIFDPERISYRRILELFFQIHDPTTKDRQGNDIGTSYRSAIYYVDDEQKRIAQETIADVEASGLWPGKVVTEVEPVRDFWEAEPEHQNYLERYPNGYTCHFPRPNWVLPRRSAAE,,,,,,,,,,,,,,,,,
5,AF-A0A0R1BBX7-F1-model_v4,Cytoplasm,Bacteria,6.3.5.2,GMP synthase (glutamine-hydrolysing),ATP + XMP + L-glutamine + H2O = AMP + diphosphate + GMP + L-glutamate (overall reaction);;(1a) L-glutamine + H2O = L-glutamate + NH3;;(1b) ATP + XMP + NH3 = AMP + diphosphate + GMP,MTTNTQITEDRILILDFGSQYSQLIARRVREAGVYSEMYAFDMSEEDIRAFKPNGIILSGGPESVHEEGSPRAPQVVFELGVPVLGICYGLQTMSEQLGGKVEPGTVHEFGYAEVDIVKRDQLIGNLQDRENQLHVWMSHGDKVSQIPEGFTITASTPSCPVAAVSDETRRFYGVQFHPEVTHTAKGEELLSNFVHKICGCGGLWTPEHIIDLRVEQLREQIGNEKVLLGLSGGVDSSVVAALLHKAIGDQLTCVFVDNGLLRLNEGDQVMQMFAENMGIRVIRADAEARFLNALAGVTDPEAKRKIIGREFIEVFAEEARKLDGVKFLAQGTIYPDVIESAASKQGKAHVIKSHHNVGGLPDDLAFELVEPLRDLFKDEVRKLGTTLGLPHSMIYRHPFPGPGLGVRILGEVKKEYADILRLADDIFMQELRDSGWYDKTAQAFAVFQPVKSVGVVGDGRRYAWVIALRAVETVDFMTARFAHLPYELVDKISTRIMNEIKDVSRVVYDVSSKPPATIEWE,,,,,,,,,,,,,,,,,
6,AF-B4RJH7-F1-model_v4,Cytoplasm,Bacteria,6.3.5.2,GMP synthase (glutamine-hydrolysing),ATP + XMP + L-glutamine + H2O = AMP + diphosphate + GMP + L-glutamate (overall reaction);;(1a) L-glutamine + H2O = L-glutamate + NH3;;(1b) ATP + XMP + NH3 = AMP + diphosphate + GMP,MTQDKILILDFGSQVTRLIARRVREAHVYCELHSFDMPLDEIKAFNPKGIILSGGPNSVYESDYQADTGIFDLGIPVLGICYGMQFMAHHLGGEVQPGNQREFGYAQVKTIDSGLTRGIQDDAPNTLDVWMSHGDKVSKLPDGFAVIGDTPSCPIAMMENTEKQFYGIQFHPEVTHTKQGRALLNRFVLDICGAQPGWTMPNYIEEAVAKIREQVGSDEVILGLSGGVDSSVAAALIHRAIGDQLTCVFVDHGLLRLNEGKMVMDMFARNLGVKVIHVDAEGQFMAKLAGVTDPEKKRKIIGAEFIEVFDAEEKKLTNAKWLAQGTIYPDVIESAGAKTKKAHAIKSHHNVGGLPENMKLKLLEPLRDLFKDEVRELGVALGLPREMVYRHPFPGPGLGVRILGEVKKEYADLLRQADDIFIQELRNTTDENGTSWYDLTSQAFAVFLPVKSVGVMGDGRTYDYVVALRAVITSDFMTAHWAELPYSLLGRVSNRIINEVKGINRVVYDVSGKPPATIEWE,,,,,,,,,,,,,,,,,
7,AF-P04079-F1-model_v4,Secreted,Bacteria,6.3.5.2,GMP synthase (glutamine-hydrolysing),ATP + XMP + L-glutamine + H2O = AMP + diphosphate + GMP + L-glutamate (overall reaction);;(1a) L-glutamine + H2O = L-glutamate + NH3;;(1b) ATP + XMP + NH3 = AMP + diphosphate + GMP,MTENIHKHRILILDFGSQYTQLVARRVRELGVYCELWAWDVTEAQIRDFNPSGIILSGGPESTTEENSPRAPQYVFEAGVPVFGVCYGMQTMAMQLGGHVEASNEREFGYAQVEVVNDSALVRGIEDALTADGKPLLDVWMSHGDKVTAIPSDFITVASTESCPFAIMANEEKRFYGVQFHPEVTHTRQGMRMLERFVRDICQCEALWTPAKIIDDAVARIREQVGDDKVILGLSGGVDSSVTAMLLHRAIGKNLTCVFVDNGLLRLNEAEQVLDMFGDHFGLNIVHVPAEDRFLSALAGENDPEAKRKIIGRVFVEVFDEEALKLEDVKWLAQGTIYPDVIESAASATGKAHVIKSHHNVGGLPKEMKMGLVEPLKELFKDEVRKIGLELGLPYDMLYRHPFPGPGLGVRVLGEVKKEYCDLLRRADAIFIEELRKADLYDKVSQAFTVFLPVRSVGVMGDGRKYDWVVSLRAVETIDFMTAHWAHLPYDFLGRVSNRIINEVNGISRVVYDISGKPPATIEWE,,,,,,,,,,,,,,,,,
8,AF-Q5SI28-F1-model_v4,Cytoplasm,Bacteria,6.3.5.2,GMP synthase (glutamine-hydrolysing),ATP + XMP + L-glutamine + H2O = AMP + diphosphate + GMP + L-glutamate (overall reaction);;(1a) L-glutamine + H2O = L-glutamate + NH3;;(1b) ATP + XMP + NH3 = AMP + diphosphate + GMP,MVLVLDFGSQYTRLIARRLRELRAFSLILPGDAPLEEVLKHRPQALILSGGPRSVFDPDAPRPDPRLFSSGLPLLGICYGMQLLAQELGGRVERAGRAEYGKALLTRHEGPLFRGLEGEVQVWMSHQDAVTAPPPGWRVVAETEENPVAAIASPDGRAYGVQFHPEVAHTPKGMQILENFLELAGVKRDWTPEHVLEELLREVRERAGKDRVLLAVSGGVDSSTLALLLAKAGVDHLAVFVDHGLLRLGEREEVEGALRALGVNLLVVDAKERFLKALKGVEDPEEKRKIIGREFVAAFSQVARERGPFRFLAQGTLYPDVIESAGGHGAAKIKSHHNVGGLPEDLEFELLEPFRLLFKDEVRELALLLGLPDTLRLRHPFPGPGLAVRVLGEVTEERLEILRRADDIFTSLLREWGLYEKVAQALAVLTPVRSVGVAGDERKYGYVLALRAVTTEDFMTADWARLPLEFLDEAARRITRRVPEIGRVVYDLTSKPPATIEWE,,,,,,,,,,,,,,,,,
9,AF-Q83BZ6-F1-model_v4,Cytoplasm,Bacteria,6.3.5.2,GMP synthase (glutamine-hydrolysing),ATP + XMP + L-glutamine + H2O = AMP + diphosphate + GMP + L-glutamate (overall reaction);;(1a) L-glutamine + H2O = L-glutamate + NH3;;(1b) ATP + XMP + NH3 = AMP + diphosphate + GMP,MLKDIHQHRILILDFGSQYAQLIARRVREIGVYCELMPCDIDEETIRDFNPHGIILSGGPETVTLSHTLRAPAFIFEIGCPVLGICYGMQTMAYQLGGKVNRTAKAEFGHAQLRVLNPAFLFDGIEDQVSPQGEPLLDVWMSHGDIVSELPPGFEATACTDNSPLAAMADFKRRFFGLQFHPEVTHTPQGHRILAHFVIHICQCIPNWTTKHIIEDSIRDIQEKVGKEQVIVGLSGGVDSAVTATLVHKAIGDQLVCVLVDTGLLRLNEVDEVLNVFQKHLGAKVICVDAKDRFMKALKGISDPEEKRKIAGEQFIRVFEEQAKKLNVKWLGQGTIYPDVIESAKTKTGKGHIIKTHHNVGGLPLNMELKLIEPLRELFKDEVRKLGLELGLPADLIYRHPFPGPGLAIRILGEVSAEYINILKQADAIFIEELKKSDYYHQVSQAFAVFMPLKSVGVKGDARHYGYIIALRAVKTVDFMTAQWADLPHEFLSKVSHRIVNEIKEVSRVVYDMTNKPPATIEWE,,,,,,,,,,,,,,,,,
10,AF-Q88K39-F1-model_v4,Periplasm,Bacteria,3.5.1.38,glutamin-(asparagin-)ase,(1) L-glutamine + H2O = L-glutamate + NH3;;(2) L-asparagine + H2O = L-aspartate + NH3,MNAALKTFAPSALALLLILPSSASAKEAETQQKLANVVILATGGTIAGAGASAANSATYQAAKLGVDKLIAGVPELADIANVRGEQVMQIASESISNDDLLKLGKRVAELAESKDVDGIVITHGTDTLEETAFFLNLVEKTDKPIVVVGSMRPGTAMSADGMLNLYNAVAVASDKQSRGKGVLVTMNDEIQSGRDVSKAVNIKTEAFKSAWGPMGMVVEGKSYWFRLPAKRHTVNSEFDIKQISSLPQVDIAYGYGNVTDTAYKALAQNGAKALIHAGTGNGSVSSRVVPALQELRKNGVQIIRSSHVNQGGFVLRNAEQPDDKNDWVVAHDLNPQKARILAMVAMTKTQDSKELQRIFWEY,,,,,,,,,,,,,,,,,
11,AF-P31723-F1-model_v4,Secreted,Eukaryota,3.2.1.113,"mannosyl-oligosaccharide 1,2-alpha-mannosidase","(1) Man9GlcNAc2-[protein] + 4 H2O = Man5GlcNAc2-[protein] + 4 beta-D-mannopyranose (overall reaction);;(1a) Man9GlcNAc2-[protein] + H2O = Man8GlcNAc2-[protein] (isomer 8A1,2,3B1,2) + beta-D-mannopyranose;;(1b) Man8GlcNAc2-[protein] (isomer 8A1,2,3B1,2) + H2O = Man7GlcNAc2-[protein] (isomer 7A1,2,3B2) + beta-D-mannopyranose;;(1c) Man7GlcNAc2-[protein] (isomer 7A1,2,3B2) + H2O = Man6GlcNAc2-[protein] (isomer 6A1,2B2) + beta-D-mannopyranose;;(1d) Man6GlcNAc2-[protein] (isomer 6A1,2B2) + H2O = Man5GlcNAc2-[protein] + beta-D-mannopyranose;;(2) Man8GlcNAc2-[protein] (isomer 8A1,2,3B1,3) + 3 H2O = Man5GlcNAc2-[protein] + 3 beta-D-mannopyranose (overall reaction);;(2a) Man8GlcNAc2-[protein] (isomer 8A1,2,3B1,3) + H2O = Man7GlcNAc2-[protein] (isomer 7A1,2,3B1) + beta-D-mannopyranose;;(2b) Man7GlcNAc2-[protein] (isomer 7A1,2,3B1) + H2O = Man6GlcNAc2-[protein] (isomer 6A1,2,3) + beta-D-mannopyranose;;(2c) Man6GlcNAc2-[protein] (isomer 6A1,2,3) + H2O = Man5GlcNAc2-[protein] + beta-D-mannopyranose",MRLPVSFPLTVLSLLGSTIAHPYGETEAVLRSEPKSNQAKADAVKEAFQHAWNGYMKYAFPHDELTPVSNGHADSRNGWGASAVDALSTAVIMGKADVVNAILEHVADIDFSKTSDTVSLFETTIRYLAGMLSGYDLLQGPAKNLVDNQDLIDGLLDQSRNLADVLKFAFDTPSGVPYNNINITSHGNDGATTNGLAVTGTLVLEWTRLSDLTGDEEYAKLSQKAESYLLKPQPSSSEPFPGLVGSSININDGQFADSRVSWNGGDDSFYEYLIKMYVYDPKRFETYKDRWVLAAESTIKHLKSHPKSRPDLTFLSSYSNRNYDLSSQHLTCFDGGSFLLGGTVLDRQDFIDFGLELVDGCEATYNSTLTKIGPDSWGWDPKKVPSDQKEFYEKAGFYISSGSYVLRPEVIESFYYAHRVTGKEIYRDWVWNAFVAINSTCRTDSGFAAVSDVNKANGGSKYDNQESFLFAEVMKYSYLAHSEDAAWQVQKGGKNTFVYNTEAHPISVARN,,,,,,,,,,,,,,,,,
12,AF-P25052-F1-model_v4,Periplasm,Bacteria,3.5.99.2,aminopyrimidine aminohydrolase,(1) 4-amino-5-aminomethyl-2-methylpyrimidine + H2O = 4-amino-5-hydroxymethyl-2-methylpyrimidine + NH3;;(2) thiamine + H2O = 4-amino-5-hydroxymethyl-2-methylpyrimidine + 5-(2-hydroxyethyl)-4-methylthiazole,MKFSEECRSAAAEWWEGSFVHPFVQGIGDGTLPIDRFKYYVLQDSYYLTHFAKVQSFGAAYAKDLYTTGRMASHAQGTYEAEMALHREFAELLEISEEERKAFKPSPTAYSYTSHMYRSVLSGNFAEILAALLPCYWLYYEVGEKLLHCDPGHPIYQKWIGTYGGDWFRQQVEEQINRFDELAENSTEEVRAKMKENFVISSYYEYQFWGMAYRKEGWSDSAIKEVEECGASRHNG,,,,,,,,,,,,,,,,,
13,AF-Q6GEY1-F1-model_v4,Secreted,Bacteria,3.5.99.2,aminopyrimidine aminohydrolase,(1) 4-amino-5-aminomethyl-2-methylpyrimidine + H2O = 4-amino-5-hydroxymethyl-2-methylpyrimidine + NH3;;(2) thiamine + H2O = 4-amino-5-hydroxymethyl-2-methylpyrimidine + 5-(2-hydroxyethyl)-4-methylthiazole,MEFSQKLYQAAKPIINDIYEDDFIQKMLLGNIQADALRHYLQADAAYLKEFTNLYALLIPKMNSMNDVKFLVEQIEFMVEGEVLAHDILAQIVGESYEEIIKTKVWPPSGDHYIKHMYFQAHSRENAIYTIAAMAPCPYIYAELAKRSQSDHKLNREKDTAKWFDFYSTEMDDIINVFESLMNKLAESMSDKELEQVKQVFLESCIHERRFFNMAMTLEQWEFGGKVND,,,,,,,,,,,,,,,,,
14,AF-P07061-F1-model_v4,Periplasm,Bacteria,3.5.1.46,6-aminohexanoate-oligomer exohydrolase ,(1) [N-(6-aminohexanoyl)]n + H2O = [N-(6-aminohexanoyl)]n-1 + 6-aminohexanoate;;(2) N-(6-aminohexanoyl)-6-aminohexanoate + H2O = 2 6-aminohexanoate,MNARSTGQHPARYPGAAAGEPTLDSWQEAPHNRWAFARLGELLPTAAVSRRDPATPAEPVVRLDALATRLPDLEQRLEETCTDAFLVLRGSEVLAEYYRAGFAPDDRHLLMSVSKSLCGTVVGALIDEGRIDPAQPVTEYVPELAGSVYDGPSVLQVLDMQISIDYNEDYVDPASEVQTHDRSAGWRTRRDGDPADTYEFLTTLRGDGGTGEFQYCSANTDVLAWIVERVTGLRYVEALSTYLWAKLDADRDATITVDQTGFGFANGGVSCTARDLARVGRMMLDGGVAPGGRVVSQGWVESVLAGGSREAMTDEGFTSAFPEGSYTRQWWCTGNERGNVSGIGIHGQNLWLDPRTDSVIVKLSSWPDPDTRHWHGLQSGILLDVSRALDAV,,,,,,,,,,,,,,,,,
15,AF-P07062-F1-model_v4,Periplasm,Bacteria,3.5.1.46,6-aminohexanoate-oligomer exohydrolase ,(1) [N-(6-aminohexanoyl)]n + H2O = [N-(6-aminohexanoyl)]n-1 + 6-aminohexanoate;;(2) N-(6-aminohexanoyl)-6-aminohexanoate + H2O = 2 6-aminohexanoate,MNTPTTGSHPARYPSAAAGEPTLDSWQEPPHNRWAFAHLGEMVPSAAVSRRPVNAPGHALARLGAIAAQLPDLEQRLEQTYTDAFLVLRGTEVVAEYYRAGFAPDDRHLLMSVSKSLCGTVVGALVDEGRIDPAQPVTEYVPELAGSVYDGPSVLQVLDMQISIDYNEDYVDPASEVQTHGRSAGWRTRATGDPADTYEFLTTLRGDGSTGEFQYCSANTDVLAWIVERVTGLRYVEALSTYLWAKLDADRDATITVDTTGFGFAHGGVSCTARDLARVGRMMLDGGVAPGGRVVSEDWVRRVLAGGSHEAMTDKGFTNTFPDGSYTRQWWCTGNERGNVSGIGIHGQNLWLDPLTDSVIVKLSSWPDPDTEHWHRLQNGILLDVSRALDAV,,,,,,,,,,,,,,,,,
16,AF-P00813-F1-model_v4,Lysosome,Eukaryota,3.5.4.4,adenosine deaminase,(1) adenosine + H2O = inosine + NH3;;(2) 2'-deoxyadenosine + H2O = 2'-deoxyinosine + NH3,MAQTPAFDKPKVELHVHLDGSIKPETILYYGRRRGIALPANTAEGLLNVIGMDKPLTLPDFLAKFDYYMPAIAGCREAIKRIAYEFVEMKAKEGVVYVEVRYSPHLLANSKVEPIPWNQAEGDLTPDEVVALVGQGLQEGERDFGVKARSILCCMRHQPNWSPKVVELCKKYQQQTVVAIDLAGDETIPGSSLLPGHVQAYQEAVKSGIHRTVHAGEVGSAEVVKEAVDILKTERLGHGYHTLEDQALYNRLRQENMHFEICPWSSYLTGAWKPDTEHAVIRLKNDQANYSLNTDDPLIFKSTLDTDYQMTKRDMGFTEEEFKRLNINAAKSSFLPEDEKRELLDLLYKAYGMPPSASAGQNL,,,,,,,,,,,,,,,,,
17,AF-P03958-F1-model_v4,Lysosome,Eukaryota,3.5.4.4,adenosine deaminase,(1) adenosine + H2O = inosine + NH3;;(2) 2'-deoxyadenosine + H2O = 2'-deoxyinosine + NH3,MAQTPAFNKPKVELHVHLDGAIKPETILYFGKKRGIALPADTVEELRNIIGMDKPLSLPGFLAKFDYYMPVIAGCREAIKRIAYEFVEMKAKEGVVYVEVRYSPHLLANSKVDPMPWNQTEGDVTPDDVVDLVNQGLQEGEQAFGIKVRSILCCMRHQPSWSLEVLELCKKYNQKTVVAMDLAGDETIEGSSLFPGHVEAYEGAVKNGIHRTVHAGEVGSPEVVREAVDILKTERVGHGYHTIEDEALYNRLLKENMHFEVCPWSSYLTGAWDPKTTHAVVRFKNDKANYSLNTDDPLIFKSTLDTDYQMTKKDMGFTEEEFKRLNINAAKSSFLPEEEKKELLERLYREYQ,,,,,,,,,,,,,,,,,
18,AF-Q57LE3-F1-model_v4,Cytoplasm,Bacteria,3.5.4.4,adenosine deaminase,(1) adenosine + H2O = inosine + NH3;;(2) 2'-deoxyadenosine + H2O = 2'-deoxyinosine + NH3,MPPAFITGVTSLSDVELDHEYWMRHALTLAKRAWDEREVPVGAVLVHNHRVIGEGWNRPIGRHDPTAHAEIMALRQGGLVLQNYRLLDTTLYVTLEPCVMCAGAMVHSRIGRVVFGARDAKTGAAGSLIDVLHHPGMNHRVEIIEGVLRDECATLLSDFFRMRRQEIKALKKADRAEGAGPAV,,,,,,,,,,,,,,,,,
19,AF-Q8ZPL9-F1-model_v4,Cytoplasm,Bacteria,3.5.4.4,adenosine deaminase,(1) adenosine + H2O = inosine + NH3;;(2) 2'-deoxyadenosine + H2O = 2'-deoxyinosine + NH3,MIDITLPLTDIHRHLDGNIRAQTILDLGRQFNIALPAQTLETLIPHVQVTSTEPDLVSFLTKLDWGVKVLASLDACRRVAFENIEDAARNGLHYVELRFSPGYMAMAHQLPIAGVVEAVIDGVRDGCNTFGVEARLIGIMSRTFGEAACLQELDALLAHRENITALDLAGDELGFPGSLFLSHFNRARDAGWHITVHAGEAAGPESIWQAIRELGAERIGHGVKAVEDRALMDFLAQQRIGIESCLTSNIQTSTVASLADHPLKTFLEHGVLASLNTDDPAVQGVDIIHEYHVAAPAAGLSREQIRQAQINGLEIAFLSDSEKRALREKVAEA,,,,,,,,,,,,,,,,,
20,AF-Q9I6Y4-F1-model_v4,Cytoplasm,Bacteria,3.5.4.4,adenosine deaminase,(1) adenosine + H2O = inosine + NH3;;(2) 2'-deoxyadenosine + H2O = 2'-deoxyinosine + NH3,MYEWLNALPKAELHLHLEGTLEPELLFALAERNRIALPWNDVETLRKAYAFNNLQEFLDLYYAGADVLRTEQDFYDLTWAYLQKCKAQNVVHVEPFFDPQTHTDRGIPFEVVLAGIRAALRDGEKLLGIRHGLILSFLRHLSEEQAQKTLDQALPFRDAFIAVGLDSSEVGHPPSKFQRVFDRARSEGFLTVAHAGEEGPPEYIWEALDLLKVERIDHGVRAFEDERLMRRLIDEQIPLTVCPLSNTKLCVFDDMSQHTILDMLERGVKVTVNSDDPAYFGGYVTENFHALQQSLGMTEEQARRLAQNSLDARLVK,,,,,,,,,,,,,,,,,
21,AF-Q9KNI7-F1-model_v4,Periplasm,Bacteria,3.5.4.4,adenosine deaminase,(1) adenosine + H2O = inosine + NH3;;(2) 2'-deoxyadenosine + H2O = 2'-deoxyinosine + NH3,MITSSLPLTDLHRHLDGNIRTQTILELGQKFGVKLPANTLQTLTPYVQIVEAEPSLVAFLSKLDWGVAVLGDLDACRRVAYENVEDALNARIDYAELRFSPYYMAMKHSLPVTGVVEAVVDGVRAGVRDFGIQANLIGIMSRTFGTDACQQELDAILSQKNHIVAVDLAGDELGQPGDRFIQHFKQVRDAGLHVTVHAGEAAGPESMWQAIRDLGATRIGHGVKAIHDPKLMDYLAQHRIGIESCLTSNLQTSTVDSLATHPLKRFLEHGILACINTDDPAVEGIELPYEYEVAAPQAGLSQEQIRQAQLNGLELAFLSDSEKKALLAKAALRG,,,,,,,,,,,,,,,,,
22,AF-Q9NZK5-F1-model_v4,Secreted,Eukaryota,3.5.4.4,adenosine deaminase,(1) adenosine + H2O = inosine + NH3;;(2) 2'-deoxyadenosine + H2O = 2'-deoxyinosine + NH3,MLVDGPSERPALCFLLLAVAMSFFGSALSIDETRAHLLLKEKMMRLGGRLVLNTKEELANERLMTLKIAEMKEAMRTLIFPPSMHFFQAKHLIERSQVFNILRMMPKGAALHLHDIGIVTMDWLVRNVTYRPHCHICFTPRGIMQFRFAHPTPRPSEKCSKWILLEDYRKRVQNVTEFDDSLLRNFTLVTQHPEVIYTNQNVVWSKFETIFFTISGLIHYAPVFRDYVFRSMQEFYEDNVLYMEIRARLLPVYELSGEHHDEEWSVKTYQEVAQKFVETHPEFIGIKIIYSDHRSKDVAVIAESIRMAMGLRIKFPTVVAGFDLVGHEDTGHSLHDYKEALMIPAKDGVKLPYFFHAGETDWQGTSIDRNILDALMLNTTRIGHGFALSKHPAVRTYSWKKDIPIEVCPISNQVLKLVSDLRNHPVATLMATGHPMVISSDDPAMFGAKGLSYDFYEVFMGIGGMKADLRTLKQLAMNSIKYSTLLESEKNTFMEIWKKRWDKFIADVATK,,,,,,,,,,,,,,,,,
23,AF-A6TBN1-F1-model_v4,Cytoplasm,Bacteria,3.5.4.5,cytidine deaminase,(1) cytidine + H2O = uridine + NH3;;(2) 2'-deoxycytidine + H2O = 2'-deoxyuridine + NH3,MHSRFQAALTTLAADLQAAIAPMLADPHFPALLEADQVATLQHATGLDEDALAFALLPLAAACARPDLSHFNVGAIARGVSGRWYFGGNMEFLGATMQQTVHAEQSAISHAWLRGETSLRAITVNYTPCGHCRQFMNELNSGLALRIHLPGREAHALEHYLPDAFGPKDLEIKTLLMDEQDHGFPVSGDALTQAAIQAANRCHAPYSHSPSGVALELKDGTIFSGSYAENAAFNPTLPPLQGALNLLSLNGYDYPAIQRAILAEKADAALIQWDATVATLKALGCHNIERVLLG,,,,,,,,,,,,,,,,,
24,AF-O65896-F1-model_v4,Cytoplasm,Eukaryota,3.5.4.5,cytidine deaminase,(1) cytidine + H2O = uridine + NH3;;(2) 2'-deoxycytidine + H2O = 2'-deoxyuridine + NH3,MDKPSFVIQSKEAESAAKQLGVSVIQLLPSLVKPAQSYARTPISKFNVAVVGLGSSGRIFLGVNVEFPNLPLHHSIHAEQFLVTNLTLNGERHLNFFAVSAAPCGHCRQFLQEIRDAPEIKILITDPNNSADSDSAADSDGFLRLGSFLPHRFGPDDLLGKDHPLLLESHDNHLKISDLDSICNGNTDSSADLKQTALAAANRSYAPYSLCPSGVSLVDCDGKVYRGWYMESAAYNPSMGPVQAALVDYVANGGGGGYERIVGAVLVEKEDAVVRQEHTARLLLETISPKCEFKVFHCYEA,,,,,,,,,,,,,,,,,
25,AF-P19079-F1-model_v4,Cytoplasm,Bacteria,3.5.4.5,cytidine deaminase,(1) cytidine + H2O = uridine + NH3;;(2) 2'-deoxycytidine + H2O = 2'-deoxyuridine + NH3,MNRQELITEALKARDMAYAPYSKFQVGAALLTKDGKVYRGCNIENAAYSMCNCAERTALFKAVSEGDTEFQMLAVAADTPGPVSPCGACRQVISELCTKDVIVVLTNLQGQIKEMTVEELLPGAFSSEDLHDERKL,,,,,,,,,,,,,,,,,
26,AF-P56389-F1-model_v4,Secreted,Eukaryota,3.5.4.5,cytidine deaminase,(1) cytidine + H2O = uridine + NH3;;(2) 2'-deoxycytidine + H2O = 2'-deoxyuridine + NH3,MAQERPSCAVEPEHVQRLLLSSREAKKSAYCPYSRFPVGAALLTGDGRIFSGCNIENACYPLGVCAERTAIQKAISEGYKDFRAIAISSDLQEEFISPCGACRQVMREFGTDWAVYMTKPDGTFVVRTVQELLPASFGPEDLQKIQ,,,,,,,,,,,,,,,,,
27,AF-P9WPH2-F1-model_v4,Cytoplasm,Bacteria,3.5.4.5,cytidine deaminase,(1) cytidine + H2O = uridine + NH3;;(2) 2'-deoxycytidine + H2O = 2'-deoxyuridine + NH3,MPDVDWNMLRGNATQAAAGAYVPYSRFAVGAAALVDDGRVVTGCNVENVSYGLTLCAECAVVCALHSTGGGRLLALACVDGHGSVLMPCGRCRQVLLEHGGSELLIDHPVRPRRLGDLLPDAFGLDDLPRERR,,,,,,,,,,,,,,,,,
28,AF-Q8IUX4-F1-model_v4,Cytoplasm,Eukaryota,3.5.4.5,cytidine deaminase,(1) cytidine + H2O = uridine + NH3;;(2) 2'-deoxycytidine + H2O = 2'-deoxyuridine + NH3,MKPHFRNTVERMYRDTFSYNFYNRPILSRRNTVWLCYEVKTKGPSRPRLDAKIFRGQVYSQPEHHAEMCFLSWFCGNQLPAYKCFQITWFVSWTPCPDCVAKLAEFLAEHPNVTLTISAARLYYYWERDYRRALCRLSQAGARVKIMDDEEFAYCWENFVYSEGQPFMPWYKFDDNYAFLHRTLKEILRNPMEAMYPHIFYFHFKNLRKAYGRNESWLCFTMEVVKHHSPVSWKRGVFRNQVDPETHCHAERCFLSWFCDDILSPNTNYEVTWYTSWSPCPECAGEVAEFLARHSNVNLTIFTARLYYFWDTDYQEGLRSLSQEGASVEIMGYKDFKYCWENFVYNDDEPFKPWKGLKYNFLFLDSKLQEILE,,,,,,,,,,,,,,,,,
29,AF-Q9KSM5-F1-model_v4,Cytoplasm,Bacteria,3.5.4.5,cytidine deaminase,(1) cytidine + H2O = uridine + NH3;;(2) 2'-deoxycytidine + H2O = 2'-deoxyuridine + NH3,MRNRIEQALQQMPASFAPYLRELVLAKDFDATFSAEQYQQLLTLSGLEDADLRVALLPIAAAYSYAPISEFYVGAIVRGISGRLYLGANMEFTGAQLGQTVHAEQCAISHAWMKGEKGVADITINFSPCGHCRQFMNELTTASSLKIQLPKRAAKTLQEYLPESFGPADLGIDSGLMSPVNHGKTSDDDEELIQQALRAMNISHSPYTQNFSGVALKMRSGAIYLGAYAENAAFNPSLPPLQVALAQAMMMGESFEDIEAAALVESATGKISHLADTQATLEVINPDIPLSYLSL,,,,,,,,,,,,,,,,,
30,AF-A0A0E1SMD9-F1-model_v4,Cytoplasm,Bacteria,3.2.2.9,adenosylhomocysteine nucleosidase,(1) S-adenosyl-L-homocysteine + H2O = S-(5-deoxy-D-ribos-5-yl)-L-homocysteine + adenine;;(2) 5'-deoxyadenosine + H2O = 5-deoxy-D-ribose + adenine;;(3) S-methyl-5'-thioadenosine + H2O = 5-(methylsulfanyl)-D-ribose + adenine,MKIGIVGAMAQEVEILKNLMTERTETRVASAVIFEGKINGKDIALLQSGIGKVAAAIGTTALLQLAKPDCVINTGSAGGVAKGLKVGDIVISDETRYHDADVTAFGYEKGQLPANPAAFLSDKKLADLAQEMAEKQGQSVKRGLICSGDSFINSEDKIAQIQADFPNVMGVEMEATAIAQVCYAFNVPFVVVRAISDGGDGKASISFEEFLPLAAKQSSALVLEMIDRLSS,,,,,,,,,,,,,,,,,
31,AF-A5F5R2-F1-model_v4,Periplasm,Bacteria,3.2.2.9,adenosylhomocysteine nucleosidase,(1) S-adenosyl-L-homocysteine + H2O = S-(5-deoxy-D-ribos-5-yl)-L-homocysteine + adenine;;(2) 5'-deoxyadenosine + H2O = 5-deoxy-D-ribose + adenine;;(3) S-methyl-5'-thioadenosine + H2O = 5-(methylsulfanyl)-D-ribose + adenine,MKIGIIGAMQQEVAILKDLIEDVQEVNQAGCTFYSGQIQGVDVVLLQSGIGKVSAALGTALLISQYAPDVVINTGSAGGFDASLNVGDVVISSEVRHHDADVTAFGYEIGQMAGQPAAFKADEKLMTVAEQALAQLPNTHAVRGLICTGDAFVCTAERQQFIRQHFPSVVAVEMEASAIAQTCHQFKVPFVVVRAISDVADKESPLSFEEFLPLAAKSSSAMVLKMVELLK,,,,,,,,,,,,,,,,,
32,AF-A6T4W3-F1-model_v4,Cytoplasm,Bacteria,3.2.2.9,adenosylhomocysteine nucleosidase,(1) S-adenosyl-L-homocysteine + H2O = S-(5-deoxy-D-ribos-5-yl)-L-homocysteine + adenine;;(2) 5'-deoxyadenosine + H2O = 5-deoxy-D-ribose + adenine;;(3) S-methyl-5'-thioadenosine + H2O = 5-(methylsulfanyl)-D-ribose + adenine,MKIGIIGAMEEEVTLLRDKIENRQTITIGGSEIYTGQLHGVDVALLKSGIGKVAAAMGATLLLERCQPDVIINTGSAGGLASTLKVGDIVVSDEARYHDADVTAFGYEYGQLPGCPAGFKADEKLVAAAESCIKALDLNAVRGLIVSGDAFINGSVGLAKIRHNFPQAIAVEMEATAIAHVCHNFKVPFVVVRAISDVADQQSHLSFEEFLAVAARQSTLMVENLVQNLARG,,,,,,,,,,,,,,,,,
33,AF-A7ZHQ1-F1-model_v4,Periplasm,Bacteria,3.2.2.9,adenosylhomocysteine nucleosidase,(1) S-adenosyl-L-homocysteine + H2O = S-(5-deoxy-D-ribos-5-yl)-L-homocysteine + adenine;;(2) 5'-deoxyadenosine + H2O = 5-deoxy-D-ribose + adenine;;(3) S-methyl-5'-thioadenosine + H2O = 5-(methylsulfanyl)-D-ribose + adenine,MKIGIIGAMEEEVTLLRDKIENRQTISLGGCEIYTGQLNGTEVALLKSGIGKVAAALGATLLLEHCKPDVIINTGSAGGLAPTLKVGDIVVSDEARYHDADVTAFGYEYGQLPGCPAGFKADDKLIAAAEACIAELNLNAVRGLIVSGDAFINGSVGLAKIRHNFPQAIAVEMEATAIAHVCHNFNVPFVVVRAISDVADQQSHLSFDEFLAVAAKQSSLMVESLVQKLAHG,,,,,,,,,,,,,,,,,
34,AF-P0AF12-F1-model_v4,Periplasm,Bacteria,3.2.2.9,adenosylhomocysteine nucleosidase,(1) S-adenosyl-L-homocysteine + H2O = S-(5-deoxy-D-ribos-5-yl)-L-homocysteine + adenine;;(2) 5'-deoxyadenosine + H2O = 5-deoxy-D-ribose + adenine;;(3) S-methyl-5'-thioadenosine + H2O = 5-(methylsulfanyl)-D-ribose + adenine,MKIGIIGAMEEEVTLLRDKIENRQTISLGGCEIYTGQLNGTEVALLKSGIGKVAAALGATLLLEHCKPDVIINTGSAGGLAPTLKVGDIVVSDEARYHDADVTAFGYEYGQLPGCPAGFKADDKLIAAAEACIAELNLNAVRGLIVSGDAFINGSVGLAKIRHNFPQAIAVEMEATAIAHVCHNFNVPFVVVRAISDVADQQSHLSFDEFLAVAAKQSSLMVESLVQKLAHG,,,,,,,,,,,,,,,,,
35,AF-P0AF14-F1-model_v4,Periplasm,Bacteria,3.2.2.9,adenosylhomocysteine nucleosidase,(1) S-adenosyl-L-homocysteine + H2O = S-(5-deoxy-D-ribos-5-yl)-L-homocysteine + adenine;;(2) 5'-deoxyadenosine + H2O = 5-deoxy-D-ribose + adenine;;(3) S-methyl-5'-thioadenosine + H2O = 5-(methylsulfanyl)-D-ribose + adenine,MKIGIIGAMEEEVTLLRDKIENRQTISLGGCEIYTGQLNGTEVALLKSGIGKVAAALGATLLLEHCKPDVIINTGSAGGLAPTLKVGDIVVSDEARYHDADVTAFGYEYGQLPGCPAGFKADDKLIAAAEACIAELNLNAVRGLIVSGDAFINGSVGLAKIRHNFPQAIAVEMEATAIAHVCHNFNVPFVVVRAISDVADQQSHLSFDEFLAVAAKQSSLMVESLVQKLAHG,,,,,,,,,,,,,,,,,
36,AF-Q47UY5-F1-model_v4,Periplasm,Bacteria,3.2.2.9,adenosylhomocysteine nucleosidase,(1) S-adenosyl-L-homocysteine + H2O = S-(5-deoxy-D-ribos-5-yl)-L-homocysteine + adenine;;(2) 5'-deoxyadenosine + H2O = 5-deoxy-D-ribose + adenine;;(3) S-methyl-5'-thioadenosine + H2O = 5-(methylsulfanyl)-D-ribose + adenine,MKAGIIGAMEPEVAILKEKLTDAKSTEHAGYTFHQGQLDGSDVVIVQSGIGKVAAALATAILIDRFQVDYVVNTGSAGGFDASLKVGDIVVSSEVRYHDVDLTAFGYEIGQLPANPAAFMPHDDLVAAAKKGIEQLSQTAGENIKAVTGLITTGDTFMTKEEDVAKARANFPTMAAVEMEGAAIAQACLQLKTPFVVIRSLSDIAGKESPHTFEEYLETAAVNSSQLVLNMLGQLKGKVLSAA,,,,,,,,,,,,,,,,,
37,AF-Q5E2X3-F1-model_v4,Cytoplasm,Bacteria,3.2.2.9,adenosylhomocysteine nucleosidase,(1) S-adenosyl-L-homocysteine + H2O = S-(5-deoxy-D-ribos-5-yl)-L-homocysteine + adenine;;(2) 5'-deoxyadenosine + H2O = 5-deoxy-D-ribose + adenine;;(3) S-methyl-5'-thioadenosine + H2O = 5-(methylsulfanyl)-D-ribose + adenine,MKIGIIGAMEQEVAILKDKIEGLSTVTKAGCTFYTGTLNGADVVLLQSGIGKVAAAVGTTLLIAEHNVDVVLNTGSAGGFDSSLNLGDVVISTEVRHHDADVTAFGYEMGQMAQQPAAFIADEKLITTAEQALTEMSDKHAVRGLICTGDVFVCTPERQEFIRTHFPSVIAVEMEASAIAQTCHQFNTPFVVVRAISDVADKESPMSFDEFLPLAAQSSSEMVLNMVTLLK,,,,,,,,,,,,,,,,,
38,AF-Q81LL4-F1-model_v4,Cytoplasm,Bacteria,3.2.2.9,adenosylhomocysteine nucleosidase,(1) S-adenosyl-L-homocysteine + H2O = S-(5-deoxy-D-ribos-5-yl)-L-homocysteine + adenine;;(2) 5'-deoxyadenosine + H2O = 5-deoxy-D-ribose + adenine;;(3) S-methyl-5'-thioadenosine + H2O = 5-(methylsulfanyl)-D-ribose + adenine,MRIAVIGAMEEEVRILRDKLEQAETETVAGCEFTKGQLAGHEVILLKSGIGKVNAAMSTTILLERYKPEKVINTGSAGGFHHSLNVGDVVISTEVRHHDVDVTAFNYEYGQVPGMPPGFKADEALVALAEKCMQAEENIQVVKGMIATGDSFMSDPNRVAAIRDKFENLYAVEMEAAAVAQVCHQYEVPFVIIRALSDIAGKESNVSFDQFLDQAALHSTNFIVKVLEELK,,,,,,,,,,,,,,,,,
39,AF-Q9KPI8-F1-model_v4,Periplasm,Bacteria,3.2.2.9,adenosylhomocysteine nucleosidase,(1) S-adenosyl-L-homocysteine + H2O = S-(5-deoxy-D-ribos-5-yl)-L-homocysteine + adenine;;(2) 5'-deoxyadenosine + H2O = 5-deoxy-D-ribose + adenine;;(3) S-methyl-5'-thioadenosine + H2O = 5-(methylsulfanyl)-D-ribose + adenine,MKIGIIGAMQQEVAILKDLIEDVQEVNQAGCTFYSGQIQGVDVVLLQSGIGKVSAALGTALLISQYAPDVVINTGSAGGFDASLNVGDVVISSEVRHHDADVTAFGYEIGQMAGQPAAFKADEKLMTVAEQALAQLPNTHAVRGLICTGDAFVCTAERQQFIRQHFPSVVAVEMEASAIAQTCHQFKVPFVVVRAISDVADKESPLSFEEFLPLAAKSSSAMVLKMVELLK,,,,,,,,,,,,,,,,,
40,AF-Q9ZMY2-F1-model_v4,Cytoplasm,Bacteria,3.2.2.9,adenosylhomocysteine nucleosidase,(1) S-adenosyl-L-homocysteine + H2O = S-(5-deoxy-D-ribos-5-yl)-L-homocysteine + adenine;;(2) 5'-deoxyadenosine + H2O = 5-deoxy-D-ribose + adenine;;(3) S-methyl-5'-thioadenosine + H2O = 5-(methylsulfanyl)-D-ribose + adenine,MQKIGILGAMREEITPILELFGVDFEEIPLGGNVFHKGVYHNKEIIVAYSKIGKVHSTLTTTSMILAFGVQKVLFSGVAGSLVKDLKINDLLVATQLVQHDVDLSAFDHPLGFIPESAIFIETSGSLNALAKKIANEQHIALKEGVIASGDQFVHSKERKEFLVSEFKASAVEMEGASVAFVCQKFGVPCCVLRSISDNADEKAGMSFDEFLEKSAHTSAKFLKSMVDEL,,,,,,,,,,,,,,,,,
41,AF-P0A7E5-F1-model_v4,Cytoplasm,Bacteria,6.3.4.2,CTP synthase (glutamine hydrolysing),ATP + UTP + L-glutamine = ADP + phosphate + CTP + L-glutamate (overall reaction);;(1a) L-glutamine + H2O = L-glutamate + NH3;;(1b) ATP + UTP + NH3 = ADP + phosphate + CTP,MTTNYIFVTGGVVSSLGKGIAAASLAAILEARGLNVTIMKLDPYINVDPGTMSPIQHGEVFVTEDGAETDLDLGHYERFIRTKMSRRNNFTTGRIYSDVLRKERRGDYLGATVQVIPHITNAIKERVLEGGEGHDVVLVEIGGTVGDIESLPFLEAIRQMAVEIGREHTLFMHLTLVPYMAASGEVKTKPTQHSVKELLSIGIQPDILICRSDRAVPANERAKIALFCNVPEKAVISLKDVDSIYKIPGLLKSQGLDDYICKRFSLNCPEANLSEWEQVIFEEANPVSEVTIGMVGKYIELPDAYKSVIEALKHGGLKNRVSVNIKLIDSQDVETRGVEILKGLDAILVPGGFGYRGVEGMITTARFARENNIPYLGICLGMQVALIDYARHVANMENANSTEFVPDCKYPVVALITEWRDENGNVEVRSEKSDLGGTMRLGAQQCQLVDDSLVRQLYNAPTIVERHRHRYEVNNMLLKQIEDAGLRVAGRSGDDQLVEIIEVPNHPWFVACQFHPEFTSTPRDGHPLFAGFVKAASEFQKRQAK,,,,,,,,,,,,,,,,,
42,AF-P17812-F1-model_v4,Cytoplasm,Eukaryota,6.3.4.2,CTP synthase (glutamine hydrolysing),ATP + UTP + L-glutamine = ADP + phosphate + CTP + L-glutamate (overall reaction);;(1a) L-glutamine + H2O = L-glutamate + NH3;;(1b) ATP + UTP + NH3 = ADP + phosphate + CTP,MKYILVTGGVISGIGKGIIASSVGTILKSCGLHVTSIKIDPYINIDAGTFSPYEHGEVFVLDDGGEVDLDLGNYERFLDIRLTKDNNLTTGKIYQYVINKERKGDYLGKTVQVVPHITDAIQEWVMRQALIPVDEDGLEPQVCVIELGGTVGDIESMPFIEAFRQFQFKVKRENFCNIHVSLVPQPSSTGEQKTKPTQNSVRELRGLGLSPDLVVCRCSNPLDTSVKEKISMFCHVEPEQVICVHDVSSIYRVPLLLEEQGVVDYFLRRLDLPIERQPRKMLMKWKEMADRYDRLLETCSIALVGKYTKFSDSYASVIKALEHSALAINHKLEIKYIDSADLEPITSQEEPVRYHEAWQKLCSAHGVLVPGGFGVRGTEGKIQAIAWARNQKKPFLGVCLGMQLAVVEFSRNVLGWQDANSTEFDPTTSHPVVVDMPEHNPGQMGGTMRLGKRRTLFQTKNSVMRKLYGDADYLEERHRHRFEVNPVWKKCLEEQGLKFVGQDVEGERMEIVELEDHPFFVGVQYHPEFLSRPIKPSPPYFGLLLASVGRLSHYLQKGCRLSPRDTYSDRSGSSSPDSEITELKFPSINHD,,,,,,,,,,,,,,,,,
43,AF-P70303-F1-model_v4,Cytoplasm,Eukaryota,6.3.4.2,CTP synthase (glutamine hydrolysing),ATP + UTP + L-glutamine = ADP + phosphate + CTP + L-glutamate (overall reaction);;(1a) L-glutamine + H2O = L-glutamate + NH3;;(1b) ATP + UTP + NH3 = ADP + phosphate + CTP,MKYILVTGGVISGIGKGIIASSIGTILKSCGLRVTAIKIDPYINIDAGTFSPYEHGEVFVLNDGGEVDLDLGNYERFLDINLYKDNNITTGKIYQHVINKERRGDYLGKTVQVVPHITDAIQEWVMNQAKVSVDGNKEDPQICVIELGGTIGDIEGMAFVEAFRQFQFKAKKENFYNIHVSLVPQPSATGEQKTKPTQNSVRALRGLGLSPDLIVCRSSTPIEMAVKEKISMFCHVNPEQVICIHDVSSIYRVPLLLEEQGVVKYFQERLGLPINDCSSNLLFKWKAMADRYERLQKICSIALVGKYTKLRDCYASVFKALEHSALAINHKLNLMYIDSIDLEPVTKAEDPVKFHEAWQKLCLADGILVPGGFGIRGTLGKLQAISWARTKKIPFLGICLGMQLAVIEFARNCLNLKDANSTEFEPNTPVPLVIDMPEHNPGDLGGTMRLGLRRTVFTTENSILKKLYGDVPYIEERHRHRYEVNPNLINQFENKDLCFVGEDVDGKRMEIVELTSHPYFIGVQFHPEFSSRPMKPSPPYLGLLLAATGNLNAHLQQMNKLPYSDGYSDASDDSFPEAKLAELDLN,,,,,,,,,,,,,,,,,
44,AF-P70698-F1-model_v4,Cytoplasm,Eukaryota,6.3.4.2,CTP synthase (glutamine hydrolysing),ATP + UTP + L-glutamine = ADP + phosphate + CTP + L-glutamate (overall reaction);;(1a) L-glutamine + H2O = L-glutamate + NH3;;(1b) ATP + UTP + NH3 = ADP + phosphate + CTP,MKYILVTGGVISGIGKGVIASSVGTILKSCGLHVTSIKIDPYINIDAGTFSPYEHGEVFVLDDGGEVDLDLGNYERFLDIRLTKDNNLTTGKIYQYVINKERKGDYLGKTVQVVPHITDAIQEWVMRQALIPVDEDGLEPQVCVIELGGTVGDIESMPFIEAFRQFQFKVKRENFCNIHVSLVPQPSSTGEQKTKPTQNSVRELRGLGLSPDLVVCRCSNPLDTSVKEKISMFCHVEPEQVICVHDVSSIYRVPLLLEEQGVVDYFLRRLDLPIERQSRKMLMKWKEMADRYDRLLETCSIALVGKYTKFSDSYASVIKALEHSALAINHKLEIKYIDSTDLEPSTLQEEPVRYHEAWQKLCSAHGVLVPGGFGVRGTEGKIQAIAWARKQKKPFLGVCLGMQLAVVEFSRNVLGWQDANSTEFDPKTSHPVVIDMPEHNPGQMGGTMRLGKRRTLFQTKNSVMRKLYGDTDYLEERHRHRFEVNPVLKKCLEEQGLKFVGQDVEGERMEIVELEDHPFFVGVQYHPEFLSRPIKPSPPYFGLLLASVGRLPHYLQKGCRLSPRDTYSDRSGSSSPDSEITELKFPSISQD,,,,,,,,,,,,,,,,,
45,AF-P9WHK7-F1-model_v4,Cytoplasm,Bacteria,6.3.4.2,CTP synthase (glutamine hydrolysing),ATP + UTP + L-glutamine = ADP + phosphate + CTP + L-glutamate (overall reaction);;(1a) L-glutamine + H2O = L-glutamate + NH3;;(1b) ATP + UTP + NH3 = ADP + phosphate + CTP,MRKHPQTATKHLFVSGGVASSLGKGLTASSLGQLLTARGLHVTMQKLDPYLNVDPGTMNPFQHGEVFVTEDGAETDLDVGHYERFLDRNLPGSANVTTGQVYSTVIAKERRGEYLGDTVQVIPHITDEIKRRILAMAQPDADGNRPDVVITEIGGTVGDIESQPFLEAARQVRHYLGREDVFFLHVSLVPYLAPSGELKTKPTQHSVAALRSIGITPDALILRCDRDVPEALKNKIALMCDVDIDGVISTPDAPSIYDIPKVLHREELDAFVVRRLNLPFRDVDWTEWDDLLRRVHEPHETVRIALVGKYVELSDAYLSVAEALRAGGFKHRAKVEICWVASDGCETTSGAAAALGDVHGVLIPGGFGIRGIEGKIGAIAYARARGLPVLGLCLGLQCIVIEAARSVGLTNANSAEFDPDTPDPVIATMPDQEEIVAGEADLGGTMRLGSYPAVLEPDSVVAQAYQTTQVSERHRHRYEVNNAYRDKIAESGLRFSGTSPDGHLVEFVEYPPDRHPFVVGTQAHPELKSRPTRPHPLFVAFVGAAIDYKAGELLPVEIPEIPEHTPNGSSHRDGVGQPLPEPASRG,,,,,,,,,,,,,,,,,
46,AF-Q5SIA8-F1-model_v4,Cytoplasm,Bacteria,6.3.4.2,CTP synthase (glutamine hydrolysing),ATP + UTP + L-glutamine = ADP + phosphate + CTP + L-glutamate (overall reaction);;(1a) L-glutamine + H2O = L-glutamate + NH3;;(1b) ATP + UTP + NH3 = ADP + phosphate + CTP,MNGSADAGPRPRKYVFITGGVVSSLGKGILTSSLGALLRARGYRVTAIKIDPYVNVDAGTMRPYEHGEVFVTADGAETDLDIGHYERFLDMDLSRGNNLTTGQVYLSVIQKERRGEYLSQTVQVIPHITDEIKERIRKVAEEQKAEIVVVEVGGTVGDIESLPFLEAIRQFRFDEGEGNTLYLHLTLVPYLETSEEFKTKPTQHSVATLRGVGIQPDILVLRSARPVPEEVRRKVALFTNVRPGHVFSSPTVEHLYEVPLLLEEQGLGRAVERALGLEAVIPNLSFWQEAVRVLKHPERTVKIAIAGKYVKMPDAYLSLLEALRHAGIKNRARVEVKWVDAESLEAADLDEAFRDVSGILVPGGFGVRGIEGKVRAAQYARERKIPYLGICLGLQIAVIEFARNVAGLKGANSTEFDPHTPHPVIDLMPEQLEVEGLGGTMRLGDWPMRIKPGTLLHRLYGKEEVLERHRHRYEVNPLYVDGLERAGLVVSATTPGMRGRGAGLVEAIELKDHPFFLGLQSHPEFKSRPMRPSPPFVGFVEAALAYQERA,,,,,,,,,,,,,,,,,
47,AF-Q9NRF8-F1-model_v4,Cytoplasm,Eukaryota,6.3.4.2,CTP synthase (glutamine hydrolysing),ATP + UTP + L-glutamine = ADP + phosphate + CTP + L-glutamate (overall reaction);;(1a) L-glutamine + H2O = L-glutamate + NH3;;(1b) ATP + UTP + NH3 = ADP + phosphate + CTP,MKYILVTGGVISGIGKGIIASSIGTILKSCGLRVTAIKIDPYINIDAGTFSPYEHGEVFVLNDGGEVDLDLGNYERFLDINLYKDNNITTGKIYQHVINKERRGDYLGKTVQVVPHITDAVQEWVMNQAKVPVDGNKEEPQICVIELGGTIGDIEGMPFVEAFRQFQFKAKRENFCNIHVSLVPQLSATGEQKTKPTQNSVRALRGLGLSPDLIVCRSSTPIEMAVKEKISMFCHVNPEQVICIHDVSSTYRVPVLLEEQSIVKYFKERLHLPIGDSASNLLFKWRNMADRYERLQKICSIALVGKYTKLRDCYASVFKALEHSALAINHKLNLMYIDSIDLEKITETEDPVKFHEAWQKLCKADGILVPGGFGIRGTLGKLQAISWARTKKIPFLGVCLGMQLAVIEFARNCLNLKDADSTEFRPNAPVPLVIDMPEHNPGNLGGTMRLGIRRTVFKTENSILRKLYGDVPFIEERHRHRFEVNPNLIKQFEQNDLSFVGQDVDGDRMEIIELANHPYFVGVQFHPEFSSRPMKPSPPYLGLLLAATGNLNAYLQQGCKLSSSDRYSDASDDSFSEPRIAELEIS,,,,,,,,,,,,,,,,,
48,AF-Q9VUL1-F1-model_v4,Cytoplasm,Eukaryota,6.3.4.2,CTP synthase (glutamine hydrolysing),ATP + UTP + L-glutamine = ADP + phosphate + CTP + L-glutamate (overall reaction);;(1a) L-glutamine + H2O = L-glutamate + NH3;;(1b) ATP + UTP + NH3 = ADP + phosphate + CTP,MKYILVTGGVISGVGKGVIASSFGTLLKSCGLDVTSIKIDPYINIDAGTFSPYEHGEVYVLDDGAEVDLDLGNYERFLDVTLHRDNNITTGKIYKLVIEKERTGEYLGKTVQVVPHITDAIQEWVERVAQTPVQGSSKPQVCIVELGGTIGDIEGMPFVEAFRQFQFRVKRENFCLAHVSLVPLPKATGEPKTKPTQSSVRELRGCGLSPDLIVCRSEKPIGLEVKEKISNFCHVGPDQVICIHDLNSIYHVPLLMEQNGVIEYLNERLQLNIDMSKRTKCLQQWRDLARRTETVRREVCIAVVGKYTKFTDSYASVVKALQHAALAVNRKLELVFIESCLLEEETLHSEPSKYHKEWQKLCDSHGILVPGGFGSRGMEGKIRACQWARENQKPLLGICLGLQAAVIEFARNKLGLKDANTTEIDPNTANALVIDMPEHHTGQLGGTMRLGKRITVFSDGPSVIRQLYGNPKSVQERHRHRYEVNPKYVHLLEEQGMRFVGTDVDKTRMEIIELSGHPYFVATQYHPEYLSRPLKPSPPFLGLILASVDRLNQYIQRGCRLSPRQLSDASSDEEDSVVGLAGATKSLSSLKIPITPTNGISKSCNGSISTSDSEGACGGVDPTNGHK,,,,,,,,,,,,,,,,,
49,AF-P55038-F1-model_v4,Cytoplasm,Bacteria,1.4.7.1,glutamate synthase (ferredoxin),2 L-glutamate + 2 oxidized ferredoxin = L-glutamine + 2-oxoglutarate + 2 reduced ferredoxin + 2 H+ (overall reaction);;(1a) L-glutamate + NH3 = L-glutamine + H2O;;(1b) L-glutamate + 2 oxidized ferredoxin + H2O = NH3 + 2-oxoglutarate + 2 reduced ferredoxin + 2 H+,MSFQYPLLAPMTNSSVATNSNQPFLGQPWLVEERDACGVGFIANLRGKPDHTLVEQALKALGCMEHRGGCSADNDSGDGAGVMTAIPRELLAQWFNTRNLPMPDGDRLGVGMVFLPQEPSAREVARAYVEEVVRLEKLTVLGWREVPVNSDVLGIQAKNNQPHIEQILVTCPEGCAGDELDRRLYIARSIIGKKLAEDFYVCSFSCRTIVYKGMVRSIILGEFYLDLKNPGYTSNFAVYHRRFSTNTMPKWPLAQPMRLLGHNGEINTLLGNINWMAAREKELEVSGWTKAELEALTPIVNQANSDSYNLDSALELLVRTGRSPLEAAMILVPEAYKNQPALKDYPEISDFHDYYSGLQEPWDGPALLVFSDGKIVGAGLDRNGLRPARYCITKDDYIVLGSEAGVVDLPEVDIVEKGRLAPGQMIAVDLAEQKILKNYQIKQQAAQKYPYGEWIKIQRQTVASDSFAEKTLFNDAQTVLQQQAAFGYTAEDVEMVVVPMASQGKEPTFCMGDDTPLAVLSHKPRLLYDYFKQRFAQVTNPPIDPLRENLVMSLAMFLGKRGNLLEPKAESARTIKLRSPLVNEVELQAIKTGQLQVAEVSTLYDLDGVNSLETALDNLVKTAIATVQAGAEILVLTDRPNGAILTENQSFIPPLLAVGAVHHHLIRAGLRLKASLIVDTAQCWSTHHFACLVGYGASAICPYLALESVRQWWLDEKTQKLMENGRLDRIDLPTALKNYRQSVEAGLFKILSKMGISLLASYHGAQIFEAIGLGAELVEYAFAGTTSRVGGLTIADVAGEVMVFHGMAFPEMAKKLENFGFVNYRPGGEYHMNSPEMSKSLHKAVAAYKVGGNGNNGEAYDHYELYRQYLKDRPVTALRDLLDFNADQPAISLEEVESVESIVKRFCTGGMSLGALSREAHETLAIAMNRLGAKSNSGEGGEDVVRYLTLDDVDSEGNSPTLPHLHGLQNGDTANSAIKQIASGRFGVTPEYLMSGKQLEIKMAQGAKPGEGGQLPGKKVSEYIAMLRRSKPGVTLISPPPHHDIYSIEDLAQLIYDLHQINPEAQVSVKLVAEIGIGTIAAGVAKANADIIQISGHDGGTGASPLSSIKHAGSPWELGVTEVHRVLMENQLRDRVLLRADGGLKTGWDVVMAALMGAEEYGFGSIAMIAEGCIMARVCHTNNCPVGVATQQERLRQRFKGVPGQVVNFFYFIAEEVRSLLAHLGYRSLDDIIGRTDLLKVRSDVQLSKTQNLTLDCLLNLPDTKQNRQWLNHEPVHSNGPVLDDDILADPDIQEAINHQTTATKTYRLVNTDRTVGTRLSGAIAKKYGNNGFEGNITLNFQGAAGQSFGAFNLDGMTLHLQGEANDYVGKGMNGGEIVIVPHPQASFAPEDNVIIGNTCLYGATGGNLYANGRAGERFAVRNSVGKAVIEGAGDHCCEYMTGGVIVVLGPVGRNVGAGMTGGLAYFLDEVGDLPEKINPEIITLQRITASKGEEQLKSLITAHVEHTGSPKGKAILANWSDYLGKFWQAVPPSEKDSPEANGDVSLTGEKTLTSV,,,,,,,,,,,,,,,,,
51,AF-Q00740-F1-model_v4,Bud neck,Bacteria,3.5.99.7,1-aminocyclopropane-1-carboxylate deaminase,1-aminocyclopropane-1-carboxylate + H2O = 2-oxobutanoate + NH3 (overall reaction);;(1a) 1-aminocyclopropane-1-carboxylate = 2-aminobut-2-enoate;;(1b) 2-aminobut-2-enoate = 2-iminobutanoate (spontaneous);;(1c) 2-iminobutanoate + H2O = 2-oxobutanoate + NH3 (spontaneous),MNLQRFPRYPLTFGPTPIQPLARLSKHLGGKVHLYAKREDCNSGLAFGGNKTRKLEYLIPEALAQGCDTLVSIGGIQSNQTRQVAAVAAHLGMKCVLVQENWVNYSDAVYDRVGNIQMSRILGADVRLVPDGFDIGFRRSWEDALESVRAAGGKPYAIPAGCSDHPLGGLGFVGFAEEVRAQEAELGFKFDYVVVCSVTGSTQAGMVVGFAADGRADRVIGVDASAKPAQTREQITRIARQTAEKVGLERDIMRADVVLDERFAGPEYGLPNEGTLEAIRLCARTEGMLTDPVYEGKSMHGMIEMVRNGEFPEGSRVLYAHLGGVPALNGYSFIFRDG,,,,,,,,,,,,,,,,,
52,AF-Q03154-F1-model_v4,Cytoplasm,Eukaryota,3.5.1.14,N-acyl-aliphatic-L-amino acid amidohydrolase,(1) an N-acyl-aliphatic-L-amino acid + H2O = an aliphatic L-amino acid + a carboxylate;;(2) an N-acetyl-L-cysteine-S-conjugate + H2O = an L-cysteine-S-conjugate + acetate,MTSKGPEEEHPSVTLFRQYLRIRTVQPKPDYGAAVAFFEETARQLGLGCQKVEVAPGYVVTVLTWPGTNPTLSSILLNSHTDVVPVFKEHWSHDPFEAFKDSEGYIYARGAQDMKCVSIQYLEAVRRLKVEGHRFPRTIHMTFVPDEEVGGHQGMELFVQRPEFHALRAGFALDEGIANPTDAFTVFYSERSPWWVRVTSTGRPGHASRFMEDTAAEKLHKVVNSILAFREKEWQRLQSNPHLKEGSVTSVNLTKLEGGVAYNVIPATMSASFDFRVAPDVDFKAFEEQLQSWCQAAGEGVTLEFAQKWMHPQVTPTDDSNPWWAAFSRVCKDMNLTLEPEIMPAATDNRYIRAVGVPALGFSPMNRTPVLLHDHDERLHEAVFLRGVDIYTRLLPALASVPALPSDS,,,,,,,,,,,,,,,,,
62,AF-A0A077EEP0-F1-model_v4,Cytoplasm,Bacteria,2.3.1.9,acetyl-CoA C-acetyltransferase,2 acetyl-CoA = CoA + acetoacetyl-CoA (overall reaction);;(1a) acetyl-CoA + [acetyl-CoA C-acetyltransferase]-L-cysteine = [acetyl-CoA C-acetyltransferase]-S-acetyl-L-cysteine + CoA;;(1b) [acetyl-CoA C-acetyltransferase]-S-acetyl-L-cysteine + acetyl-CoA = acetoacetyl-CoA + [acetyl-CoA C-acetyltransferase]-L-cysteine,MKEVFIVSAVRTPMGSFMGSLSGVPATQLGAVAIKGALDKINLNPAEIQDVYMGNVLQAGEGQAPAKQAALGAGLPNTTPTTAVNKVCASGMKAVMMAAQAVKAGDVEAIVAGGMENMSQVPHYIDGRNGVKLGDIKLQDGLLKDGLTDVYSKQHMGNCAELCAKEYNITREEQDAFAIQSYERSAKAWSEGKFKEEVVPVSIPQRKGEPIIFAEDEEYKNVKFDRIPTLPTVFQKENGTVTAANASTLNDGASALVLMSKEKMESLGLKPLAKIVSYADAAQAPEWFTTAPAKALPIALAKANLTINDIDFFEFNEAFSVVGLANNKILGLDAAKVNVNGGAVALGHPLGSSGSRIIVTLINVLKQNNAKYGAAAICNGGGGASAIVIENI,,,,,,,,,,,,,,,,,
63,AF-P07097-F1-model_v4,Cytoplasm,Bacteria,2.3.1.9,acetyl-CoA C-acetyltransferase,2 acetyl-CoA = CoA + acetoacetyl-CoA (overall reaction);;(1a) acetyl-CoA + [acetyl-CoA C-acetyltransferase]-L-cysteine = [acetyl-CoA C-acetyltransferase]-S-acetyl-L-cysteine + CoA;;(1b) [acetyl-CoA C-acetyltransferase]-S-acetyl-L-cysteine + acetyl-CoA = acetoacetyl-CoA + [acetyl-CoA C-acetyltransferase]-L-cysteine,MSTPSIVIASARTAVGSFNGAFANTPAHELGATVISAVLERAGVAAGEVNEVILGQVLPAGEGQNPARQAAMKAGVPQEATAWGMNQLCGSGLRAVALGMQQIATGDASIIVAGGMESMSMAPHCAHLAGGVKMGDFKMIDTMIKDGLTDAFYGYHMGTTAENVAKQWQLSRDEQDAFAVASQNKAEAAQKDGRFKDEIVPFIVKGRKGDITVDADEYIRHGATLDSMAKLRPAFDKEGTVTAGNASGLNDGAAAALLMSEAEASRRGIQPLGRIVSWATVGVDPKVMGTGPIPASRKALERAGWKIGDLDLVEANEAFAAQACAVNKDLGWDPSIVNVNGGAIAIGHPIGASGARILNTLLFEMKRRGARKGLATLCIGGGMGVAMCIESL,,,,,,,,,,,,,,,,,
64,AF-P14611-F1-model_v4,Cytoplasm,Bacteria,2.3.1.9,acetyl-CoA C-acetyltransferase,2 acetyl-CoA = CoA + acetoacetyl-CoA (overall reaction);;(1a) acetyl-CoA + [acetyl-CoA C-acetyltransferase]-L-cysteine = [acetyl-CoA C-acetyltransferase]-S-acetyl-L-cysteine + CoA;;(1b) [acetyl-CoA C-acetyltransferase]-S-acetyl-L-cysteine + acetyl-CoA = acetoacetyl-CoA + [acetyl-CoA C-acetyltransferase]-L-cysteine,MTDVVIVSAARTAVGKFGGSLAKIPAPELGAVVIKAALERAGVKPEQVSEVIMGQVLTAGSGQNPARQAAIKAGLPAMVPAMTINKVCGSGLKAVMLAANAIMAGDAEIVVAGGQENMSAAPHVLPGSRDGFRMGDAKLVDTMIVDGLWDVYNQYHMGITAENVAKEYGITREAQDEFAVGSQNKAEAAQKAGKFDEEIVPVLIPQRKGDPVAFKTDEFVRQGATLDSMSGLKPAFDKAGTVTAANASGLNDGAAAVVVMSAAKAKELGLTPLATIKSYANAGVDPKVMGMGPVPASKRALSRAEWTPQDLDLMEINEAFAAQALAVHQQMGWDTSKVNVNGGAIAIGHPIGASGCRILVTLLHEMKRRDAKKGLASLCIGGGMGVALAVERK,,,,,,,,,,,,,,,,,
65,AF-P41338-F1-model_v4,Cytoplasm,Eukaryota,2.3.1.9,acetyl-CoA C-acetyltransferase,2 acetyl-CoA = CoA + acetoacetyl-CoA (overall reaction);;(1a) acetyl-CoA + [acetyl-CoA C-acetyltransferase]-L-cysteine = [acetyl-CoA C-acetyltransferase]-S-acetyl-L-cysteine + CoA;;(1b) [acetyl-CoA C-acetyltransferase]-S-acetyl-L-cysteine + acetyl-CoA = acetoacetyl-CoA + [acetyl-CoA C-acetyltransferase]-L-cysteine,MSQNVYIVSTARTPIGSFQGSLSSKTAVELGAVALKGALAKVPELDASKDFDEIIFGNVLSANLGQAPARQVALAAGLSNHIVASTVNKVCASAMKAIILGAQSIKCGNADVVVAGGCESMTNAPYYMPAARAGAKFGQTVLVDGVERDGLNDAYDGLAMGVHAEKCARDWDITREQQDNFAIESYQKSQKSQKEGKFDNEIVPVTIKGFRGKPDTQVTKDEEPARLHVEKLRSARTVFQKENGTVTAANASPINDGAAAVILVSEKVLKEKNLKPLAIIKGWGEAAHQPADFTWAPSLAVPKALKHAGIEDINSVDYFEFNEAFSVVGLVNTKILKLDPSKVNVYGGAVALGHPLGCSGARVVVTLLSILQQEGGKIGVAAICNGGGGASSIVIEKI,,,,,,,,,,,,,,,,,
66,AF-P45359-F1-model_v4,Cytoplasm,Bacteria,2.3.1.9,acetyl-CoA C-acetyltransferase,2 acetyl-CoA = CoA + acetoacetyl-CoA (overall reaction);;(1a) acetyl-CoA + [acetyl-CoA C-acetyltransferase]-L-cysteine = [acetyl-CoA C-acetyltransferase]-S-acetyl-L-cysteine + CoA;;(1b) [acetyl-CoA C-acetyltransferase]-S-acetyl-L-cysteine + acetyl-CoA = acetoacetyl-CoA + [acetyl-CoA C-acetyltransferase]-L-cysteine,MKEVVIASAVRTAIGSYGKSLKDVPAVDLGATAIKEAVKKAGIKPEDVNEVILGNVLQAGLGQNPARQASFKAGLPVEIPAMTINKVCGSGLRTVSLAAQIIKAGDADVIIAGGMENMSRAPYLANNARWGYRMGNAKFVDEMITDGLWDAFNDYHMGITAENIAERWNISREEQDEFALASQKKAEEAIKSGQFKDEIVPVVIKGRKGETVVDTDEHPRFGSTIEGLAKLKPAFKKDGTVTAGNASGLNDCAAVLVIMSAEKAKELGVKPLAKIVSYGSAGVDPAIMGYGPFYATKAAIEKAGWTVDELDLIESNEAFAAQSLAVAKDLKFDMNKVNVNGGAIALGHPIGASGARILVTLVHAMQKRDAKKGLATLCIGGGQGTAILLEKC,,,,,,,,,,,,,,,,,
67,AF-P45855-F1-model_v4,Cytoplasm,Bacteria,2.3.1.9,acetyl-CoA C-acetyltransferase,2 acetyl-CoA = CoA + acetoacetyl-CoA (overall reaction);;(1a) acetyl-CoA + [acetyl-CoA C-acetyltransferase]-L-cysteine = [acetyl-CoA C-acetyltransferase]-S-acetyl-L-cysteine + CoA;;(1b) [acetyl-CoA C-acetyltransferase]-S-acetyl-L-cysteine + acetyl-CoA = acetoacetyl-CoA + [acetyl-CoA C-acetyltransferase]-L-cysteine,MRKTVIVSAARTPFGKFGGVLKEVKAAELGGIVMKEALQQAGVSGDDVEGNVMGMVVQAGSGQIPSRQAARLAGMPWSVPSETLNKVCASGLRAVTLCDQMIRAQDADILVAGGMESMSNIPYAVPAGRWGARMGDGELRDLMVYDGLTCAFDEVHMAVHGNTAAKEYAISRREQDEWALRSHARAAKAADEGKFQDEIVPVNWIGRKGKPNVVDKDEAIRRDTSLDQLAKLAPIYASDGSITAGNAPGVNDGAGAFVLMSEEKAAELGKRPLATILGFSTTGMPAHELAAAPGFAINKLLKKNGLTVQDIDLFEVNEAFASVVLTCEKIVGFDLEKVNVNGGAIALGHPIGASGARILMTLVYELKRRGGGLGVAAICSGAAQGDAVLVQVH,,,,,,,,,,,,,,,,,
68,AF-P76461-F1-model_v4,Cytoplasm,Bacteria,2.3.1.9,acetyl-CoA C-acetyltransferase,2 acetyl-CoA = CoA + acetoacetyl-CoA (overall reaction);;(1a) acetyl-CoA + [acetyl-CoA C-acetyltransferase]-L-cysteine = [acetyl-CoA C-acetyltransferase]-S-acetyl-L-cysteine + CoA;;(1b) [acetyl-CoA C-acetyltransferase]-S-acetyl-L-cysteine + acetyl-CoA = acetoacetyl-CoA + [acetyl-CoA C-acetyltransferase]-L-cysteine,MKNCVIVSAVRTAIGSFNGSLASTSAIDLGATVIKAAIERAKIDSQHVDEVIMGNVLQAGLGQNPARQALLKSGLAETVCGFTVNKVCGSGLKSVALAAQAIQAGQAQSIVAGGMENMSLAPYLLDAKARSGYRLGDGQVYDVILRDGLMCATHGYHMGITAENVAKEYGITREMQDELALHSQRKAAAAIESGAFTAEIVPVNVVTRKKTFVFSQDEFPKANSTAEALGALRPAFDKAGTVTAGNASGINDGAAALVIMEESAALAAGLTPLARIKSYASGGVPPALMGMGPVPATQKALQLAGLQLADIDLIEANEAFAAQFLAVGKNLGFDSEKVNVNGGAIALGHPIGASGARILVTLLHAMQARDKTLGLATLCIGGGQGIAMVIERLN,,,,,,,,,,,,,,,,,
69,AF-Q0AZ52-F1-model_v4,Secreted,Bacteria,2.3.1.9,acetyl-CoA C-acetyltransferase,2 acetyl-CoA = CoA + acetoacetyl-CoA (overall reaction);;(1a) acetyl-CoA + [acetyl-CoA C-acetyltransferase]-L-cysteine = [acetyl-CoA C-acetyltransferase]-S-acetyl-L-cysteine + CoA;;(1b) [acetyl-CoA C-acetyltransferase]-S-acetyl-L-cysteine + acetyl-CoA = acetoacetyl-CoA + [acetyl-CoA C-acetyltransferase]-L-cysteine,MAEINEVVVVGMARTPIGRYLGGLASVRANDLAIIAANAAIERAGVDPGIIDEIVGATCLHAGNGSLPPRIIGMKVGLPVRSGSCMVSQNCASGMRATEIACQNIMLGKTDISLVTAVESMSNIPYLLQQARSGYRMGDGKVQDAMLSDGLVCQLAGGHMGMTAENIAEKYGITREECDALALTSHQNAVKAVDEGIFDREIVPVVIKSKKGDKVISKDEHPIRGASLETMAKLPPAFKKGGVVTAANASGINDCAAAAVFMSKKKCEELGLKPLMKLVGICSEGVDAKVMGLGPAVAMPKVLKQAGWKYEDVDYWEVNEAFAAQVLGVVRMLKEEAGIELDFSKTNHNGSGIGLGHPVGATGLRIIVSMYYELERLGLTKGGASLCVGGGSAMASLWTRDI,,,,,,,,,,,,,,,,,
70,AF-Q18AR0-F1-model_v4,Cytoplasm,Bacteria,2.3.1.9,acetyl-CoA C-acetyltransferase,2 acetyl-CoA = CoA + acetoacetyl-CoA (overall reaction);;(1a) acetyl-CoA + [acetyl-CoA C-acetyltransferase]-L-cysteine = [acetyl-CoA C-acetyltransferase]-S-acetyl-L-cysteine + CoA;;(1b) [acetyl-CoA C-acetyltransferase]-S-acetyl-L-cysteine + acetyl-CoA = acetoacetyl-CoA + [acetyl-CoA C-acetyltransferase]-L-cysteine,MREVVIASAARTAVGSFGGAFKSVSAVELGVTAAKEAIKRANITPDMIDESLLGGVLTAGLGQNIARQIALGAGIPVEKPAMTINIVCGSGLRSVSMASQLIALGDADIMLVGGAENMSMSPYLVPSARYGARMGDAAFVDSMIKDGLSDIFNNYHMGITAENIAEQWNITREEQDELALASQNKAEKAQAEGKFDEEIVPVVIKGRKGDTVVDKDEYIKPGTTMEKLAKLRPAFKKDGTVTAGNASGINDGAAMLVVMAKEKAEELGIEPLATIVSYGTAGVDPKIMGYGPVPATKKALEAANMTIEDIDLVEANEAFAAQSVAVIRDLNIDMNKVNVNGGAIAIGHPIGCSGARILTTLLYEMKRRDAKTGLATLCIGGGMGTTLIVKR,,,,,,,,,,,,,,,,,
71,AF-Q4WCL5-F1-model_v4,Cytoplasm,Eukaryota,2.3.1.9,acetyl-CoA C-acetyltransferase,2 acetyl-CoA = CoA + acetoacetyl-CoA (overall reaction);;(1a) acetyl-CoA + [acetyl-CoA C-acetyltransferase]-L-cysteine = [acetyl-CoA C-acetyltransferase]-S-acetyl-L-cysteine + CoA;;(1b) [acetyl-CoA C-acetyltransferase]-S-acetyl-L-cysteine + acetyl-CoA = acetoacetyl-CoA + [acetyl-CoA C-acetyltransferase]-L-cysteine,MSSLPAVYIVSSARTPVGSFLGSLSSLTAPQLGAHAIKAALAKVDGLKPSDVQEVFFGNVISANVGQNPARQCALGAGLEESTICTTVNKVCASGLKAIILGAQTIMTGNADVVVAGGTESMSNAPHYLPNLRTGAKYGHQSLVDGIMKDGLTDAGKQELMGLQAEECAQDHGFSREQQDEYAIRTYEKAQAAQKAGLFDEEIAPIQLPGFRGKPDVTVTQDEEPKNLNPEKLRAIKPAFIPGSGTVTAPNSSPLNDGAAAVVLVSEAKLKELNLKPVAKILGWGDAAQQPSKFTTAPALAIPKALKHAGVGQDAIDAFEINEAFSVVALANMKLLGIPEEKVNLHGGAVAIGHPIGASGARILTTLLGVLKAKKGKLGCAGICNGGGGASALVVELL,,,,,,,,,,,,,,,,,
72,AF-Q814S6-F1-model_v4,Secreted,Bacteria,2.3.1.9,acetyl-CoA C-acetyltransferase,2 acetyl-CoA = CoA + acetoacetyl-CoA (overall reaction);;(1a) acetyl-CoA + [acetyl-CoA C-acetyltransferase]-L-cysteine = [acetyl-CoA C-acetyltransferase]-S-acetyl-L-cysteine + CoA;;(1b) [acetyl-CoA C-acetyltransferase]-S-acetyl-L-cysteine + acetyl-CoA = acetoacetyl-CoA + [acetyl-CoA C-acetyltransferase]-L-cysteine,MSKTVILSAARTPVGKFGGSLKDVKATELGGIAIKAALERANVAASDVEEVIFGTVIQGGQGQIPSRQAARAAGIPWEVQTETVNKVCASGLRAVTLADQIIRTGDQSLIVAGGMESMSNSPYILRGARWGYRMGNNEVIDLNVADGLTCAFSGTHMGVYGGEVAKEDGISREAQDEWAYRSHQRAVSAHKEGRFEEEIVPVTIPQRKGDPIVVAKDEAPREDTTIEKLAKLKPVFDKTATVTAGNAPGLNDGGAALVLMSEDRAKQEGRKPLATILAHTAIAVESKDFPRTPGYAINALLEKTGKTIEDIDLFEINEAFAAVAIASTEIAGIDPEKLNVNGGAVAMGHPIGASGARIIVTLIHALKQRGGGIGIASICSGGGQGDAVMIEVH,,,,,,,,,,,,,,,,,
73,AF-Q9BWD1-F1-model_v4,Cytoplasm,Eukaryota,2.3.1.9,acetyl-CoA C-acetyltransferase,2 acetyl-CoA = CoA + acetoacetyl-CoA (overall reaction);;(1a) acetyl-CoA + [acetyl-CoA C-acetyltransferase]-L-cysteine = [acetyl-CoA C-acetyltransferase]-S-acetyl-L-cysteine + CoA;;(1b) [acetyl-CoA C-acetyltransferase]-S-acetyl-L-cysteine + acetyl-CoA = acetoacetyl-CoA + [acetyl-CoA C-acetyltransferase]-L-cysteine,MNAGSDPVVIVSAARTIIGSFNGALAAVPVQDLGSTVIKEVLKRATVAPEDVSEVIFGHVLAAGCGQNPVRQASVGAGIPYSVPAWSCQMICGSGLKAVCLAVQSIGIGDSSIVVAGGMENMSKAPHLAYLRTGVKIGEMPLTDSILCDGLTDAFHNCHMGITAENVAKKWQVSREDQDKVAVLSQNRTENAQKAGHFDKEIVPVLVSTRKGLIEVKTDEFPRHGSNIEAMSKLKPYFLTDGTGTVTPANASGINDGAAAVVLMKKSEADKRGLTPLARIVSWSQVGVEPSIMGIGPIPAIKQAVTKAGWSLEDVDIFEINEAFAAVSAAIVKELGLNPEKVNIEGGAIALGHPLGASGCRILVTLLHTLERMGRSRGVAALCIGGGMGIAMCVQRE,,,,,,,,,,,,,,,,,
74,AF-A7ZVS7-F1-model_v4,Cytoplasm,Bacteria,2.4.2.1,purine-nucleoside phosphorylase,(1) purine ribonucleoside + phosphate = purine + alpha-D-ribose 1-phosphate;;(2) purine 2'-deoxyribonucleoside + phosphate = purine + 2-deoxy-alpha-D-ribose 1-phosphate,MATPHINAEMGDFADVVLMPGDPLRAKYIAETFLEDAREVNNVRGMLGFTGTYKGRKISVMGHGMGIPSCSIYTKELITDFGVKKIIRVGSCGAVLPHVKLRDVVIGMGACTDSKVNRIRFKDHDFAAIADFDMVRNAVDAAKALGIDARVGNLFSADLFYSPDGEMFDVMEKYGILGVEMEAAGIYGVAAEFGAKALTICTVSDHIRTHEQTTAAERQTTFNDMIKIALESVLLGDKE,,,,,,,,,,,,,,,,,
75,AF-B1JL34-F1-model_v4,Cytoplasm,Bacteria,2.4.2.1,purine-nucleoside phosphorylase,(1) purine ribonucleoside + phosphate = purine + alpha-D-ribose 1-phosphate;;(2) purine 2'-deoxyribonucleoside + phosphate = purine + 2-deoxy-alpha-D-ribose 1-phosphate,MATPHINAEMGDFADVVLMPGDPLRAKFIAETFLQDVREVNNVRGMLGFTGTYKGRKISVMGHGMGIPSCSIYAKELITDFGVKKIIRVGSCGAVRTDVKLRDVVIGMGACTDSKVNRMRFKDHDYAAIADFEMTRNAVDAAKAKGVNVRVGNLFSADLFYTPDPQMFDVMEKYGILGVEMEAAGIYGVAAEFGAKALTICTVSDHIRTGEQTTAAERQTTFNDMIEIALESVLLGDNA,,,,,,,,,,,,,,,,,
76,AF-O34925-F1-model_v4,Cytoplasm,Bacteria,2.4.2.1,purine-nucleoside phosphorylase,(1) purine ribonucleoside + phosphate = purine + alpha-D-ribose 1-phosphate;;(2) purine 2'-deoxyribonucleoside + phosphate = purine + 2-deoxy-alpha-D-ribose 1-phosphate,MSVHIGAEKGQIADTVLLPGDPLRAKFIAETYLENVECYNEVRGMYGFTGTYKGKKISVQGTGMGVPSISIYVNELIQSYDVQNLIRVGSCGAIRKDVKVRDVILAMTSSTDSQMNRVAFGSVDFAPCADFELLKNAYDAAKDKGVPVTVGSVFTADQFYNDDSQIEKLAKYGVLGVEMETTALYTLAAKHGRKALSILTVSDHVLTGEETTAEERQTTFHDMIEVALHSVSQ,,,,,,,,,,,,,,,,,
77,AF-P56463-F1-model_v4,Cytoplasm,Bacteria,2.4.2.1,purine-nucleoside phosphorylase,(1) purine ribonucleoside + phosphate = purine + alpha-D-ribose 1-phosphate;;(2) purine 2'-deoxyribonucleoside + phosphate = purine + 2-deoxy-alpha-D-ribose 1-phosphate,MTPHINAKIGDFYPQCLLCGDPLRVSYIAKKFLQDAKEITNVRNMLGFSGKYKGRGISLMGHGMGIASCTIYVTELIKTYQVKELLRIGTCGAISPKVGLKDIIMATGASTDSKTNRVRFLNHDLSATPDFELSLRAYQTAKRLGIDLKVGNVFSSDFFYSFETHAFDLMAKYNHLAIEMEAAGLYATAMELNAKALCLCSVSDHLITKEALSPKERVESFDNMIILALEMMS,,,,,,,,,,,,,,,,,
78,AF-Q5DYV8-F1-model_v4,Cytoplasm,Bacteria,2.4.2.1,purine-nucleoside phosphorylase,(1) purine ribonucleoside + phosphate = purine + alpha-D-ribose 1-phosphate;;(2) purine 2'-deoxyribonucleoside + phosphate = purine + 2-deoxy-alpha-D-ribose 1-phosphate,MSTPHINAPLDAFADTILMPGDPLRAKLIAETYLENVVQVTDVRGMLGFTGEFKGRKISVMGHGMGAPSASIYFHELMTTYKVKNFIRIGSCGAIHDDVKLKDLIVAIGASTDSKMNRIRFKDNDFAATANYNMLSECVNTLKTTDINYLVGNVFSSDLFYRPDEEQYDMMARYGILGVEMEVNALYSAAAENHCNAVALCTVTDHIKNHEHLTADERRTELHEMINVALDVALKLPTE,,,,,,,,,,,,,,,,,
79,AF-Q5EEL8-F1-model_v4,Cytoplasm,Bacteria,2.4.2.1,purine-nucleoside phosphorylase,(1) purine ribonucleoside + phosphate = purine + alpha-D-ribose 1-phosphate;;(2) purine 2'-deoxyribonucleoside + phosphate = purine + 2-deoxy-alpha-D-ribose 1-phosphate,MSVHIEAKQGEIAESILLPGDPLRAKYIAETFLEDVTCYNNVRGMLGFTGTYKGKRVSVQGTGMGVPSISIYVNELIQSYGVKNLIRVGTCGAIQKDVKVRDVIIAMTACTDSNMNRLTFPGFDFAPAANFDLLKKAYDAGTEKGLHVRVGNVLTADVFYRESMDMVKKLGDYGVLAVEMETTALYTLAAKYGVNALSVLTVSDHIFTGEETTSEERQTTFNEMIEIALDAAIQQ,,,,,,,,,,,,,,,,,
80,AF-Q81T09-F1-model_v4,Cytoplasm,Bacteria,2.4.2.1,purine-nucleoside phosphorylase,(1) purine ribonucleoside + phosphate = purine + alpha-D-ribose 1-phosphate;;(2) purine 2'-deoxyribonucleoside + phosphate = purine + 2-deoxy-alpha-D-ribose 1-phosphate,MSVHIEAKQGEIAESILLPGDPLRAKYIAETFLEDVTCYNNVRGMLGFTGTYKGKRVSVQGTGMGVPSISIYVNELIQSYGVKNLIRVGTCGAIQKDVKVRDVIIAMTACTDSNMNRLTFPGFDFAPAANFDLLKKAYDAGTEKGLHVRVGNVLTADVFYRESMDMVKKLGDYGVLAVEMETTALYTLAAKYGVNALSVLTVSDHIFTGEETTSEERQTTFNEMIEIALDAAIQQ,,,,,,,,,,,,,,,,,
81,AF-Q8EDM4-F1-model_v4,Cytoplasm,Bacteria,2.4.2.1,purine-nucleoside phosphorylase,(1) purine ribonucleoside + phosphate = purine + alpha-D-ribose 1-phosphate;;(2) purine 2'-deoxyribonucleoside + phosphate = purine + 2-deoxy-alpha-D-ribose 1-phosphate,MTAHINAQPTDFAETVIMPGDPLRAKYIAETYLTDAVEVTNVRNMLGYTGYYQGQRISVMGHGMGISSMVLYGHELINFFGVKRIIRIGSLGATQQHVEMRDVILAQAAGTDSPTNAKRSSGYHMATSATFSLLHKAYTKANEKGISVKVGNVFSGDLYYDPDEDMIPALERFGVLGIDMEVAGLYGLAHQQGIESLAILTVSDHCLTGEETTAQERQLSFNNMIELALETALN,,,,,,,,,,,,,,,,,
82,AF-Q8T9Z7-F1-model_v4,Cytoplasm,Eukaryota,2.4.2.1,purine-nucleoside phosphorylase,(1) purine ribonucleoside + phosphate = purine + alpha-D-ribose 1-phosphate;;(2) purine 2'-deoxyribonucleoside + phosphate = purine + 2-deoxy-alpha-D-ribose 1-phosphate,MDNLLRHLKISKEQITPVVLVVGDPGRVDKIKVVCDSYVDLAYNREYKSVECHYKGQKFLCVSHGVGSAGCAVCFEELCQNGAKVIIRAGSCGSLQPDLIKRGDICICNAAVREDRVSHLLIHGDFPAVGDFDVYDTLNKCAQELNVPVFNGISVSSDMYYPNKIIPSRLEDYSKANAAVVEMELATLMVIGTLRKVKTGGILIVDGCPFKWDEGDFDNNLVPHQLENMIKIALGACAKLATKYA,,,,,,,,,,,,,,,,,
83,AF-Q9KPM0-F1-model_v4,Cytoplasm,Bacteria,2.4.2.1,purine-nucleoside phosphorylase,(1) purine ribonucleoside + phosphate = purine + alpha-D-ribose 1-phosphate;;(2) purine 2'-deoxyribonucleoside + phosphate = purine + 2-deoxy-alpha-D-ribose 1-phosphate,MATPHINAQMGDFADVVLMPGDPLRAKYIAENFLDNAVQVCDVRNMFGYTGTYKGRKISVMGHGMGIPSCSIYVTELIKDYGVKKIIRVGSCGAVNEGIKVRDVVIGMGACTDSKVNRIRFKDHDFAAIADYKMVKAAEEAAKARGIDVKVGNLFSAELFYTPDPSMFDVMDKYGIVGVEMEAAGIYGVAAEYGAKALAICTVSDHIKTGEQTTSEERQNTFNEMIEIALDSVLIGDQAGY,,,,,,,,,,,,,,,,,
84,AF-C1CKI0-F1-model_v4,Cytoplasm,Bacteria,6.5.1.2,DNA ligase (NAD+),NAD + (deoxyribonucleotide)n-3'-hydroxyl + 5'-phospho-(deoxyribonucleotide)m = (deoxyribonucleotide)n+m + AMP + beta-nicotinamide D-nucleotide (overall reaction);;(1a) NAD + [DNA ligase]-L-lysine = [DNA ligase]-N6-(5'-adenylyl)-L-lysine + beta-nicotinamide D-nucleotide;;(1b) [DNA ligase]-N6-(5'-adenylyl)-L-lysine + 5'-phospho-(deoxyribonucleotide)m = 5'-(5'-diphosphoadenosine)-(deoxyribonucleotide)m + [DNA ligase]-L-lysine;;(1c) (deoxyribonucleotide)n-3'-hydroxyl + 5'-(5'-diphosphoadenosine)-(deoxyribonucleotide)m = (deoxyribonucleotide)n+m + AMP,MNKRMNELVALLNRYATEYYTSDNPSVSDSEYDRLYRELVELETAYPEQVLADSPTHRVGGKVLDGFEKYSHQYPLYSLQDAFSREELDAFDARVRKEVAHPTYICELKIDGLSISLTYEKGILVAGVTRGDGSIGENITENLKRVKDIPLTLPEELDITVRGECYMPRASFDQVNQARQENGEPEFANPRNAAAGTLRQLDTAVVAKRNLATFLYQEASPSTRDSQEKGLKYLEQLGFVVNPKRILAENIDEIWNFIQEVGQERENLPYDIDGVVIKVNDLASQEELGFTVKAPKWAVAYKFPAEEKEAQLLSVDWTVGRTGVVTPTANLTPVQLAGTTVSRATLHNVDYIAEKDIRKDDTVIVYKAGDIIPAVLRVVESKRVSEEKLDIPTNCPSCNSDLLHFEDEVALRCINPRCPAQIMEGLIHFASRDAMNITGLGPSIVEKLFAANLVKDVADIYRLQEEDFLLLEGVKEKSAAKLYQAIQASKENSAEKLLFGLGIRHVGSKASQLLLQYFHSIENLYQADSEEVASIESLGGVIAKSLQTYFATEGSEILLRELKETGVNLDYKGQTVVADAALSGLTVVLTGKLERLKRSEAKSKLESLGAKVTGSVSKKTDLVVVGADAGSKLQKAQELGIQVRDEAWLESL,,,,,,,,,,,,,,,,,
85,AF-O87703-F1-model_v4,Cytoplasm,Bacteria,6.5.1.2,DNA ligase (NAD+),NAD + (deoxyribonucleotide)n-3'-hydroxyl + 5'-phospho-(deoxyribonucleotide)m = (deoxyribonucleotide)n+m + AMP + beta-nicotinamide D-nucleotide (overall reaction);;(1a) NAD + [DNA ligase]-L-lysine = [DNA ligase]-N6-(5'-adenylyl)-L-lysine + beta-nicotinamide D-nucleotide;;(1b) [DNA ligase]-N6-(5'-adenylyl)-L-lysine + 5'-phospho-(deoxyribonucleotide)m = 5'-(5'-diphosphoadenosine)-(deoxyribonucleotide)m + [DNA ligase]-L-lysine;;(1c) (deoxyribonucleotide)n-3'-hydroxyl + 5'-(5'-diphosphoadenosine)-(deoxyribonucleotide)m = (deoxyribonucleotide)n+m + AMP,MDRQQAERRAAELRELLNRYGYEYYVLDRPSVPDAEYDRLMQELIAIEEQYPELKTSDSPTQRIGGPPLEAFRKVAHRVPMMSLANAFGEGDLRDFDRRVRQEVGEAAYVCELKIDGLAVSVRYEDGYFVQGATRGDGTTGEDITENLKTIRSLPLRLKEPVSLEARGEAFMPKASFLRLNEERKARGEELFANPRNAAAGSLRQLDPKVAASRQLDLFVYGLADAEALGIASHSEALDYLQALGFKVNPERRRCANIDEVIAFVSEWHDKRPQLPYEIDGIVIKVDSFAQQRALGATAKSPRWAIAYKFPAEEVVTTLIGIEVNVGRTGVVTPTAILEPVRVAGTTVQRATLHNEDFIREKDIRIGDAVIIKKAGDIIPEVVGVVVDRRDGDETPFAMPTHCPECESELVRLEGEVALRCLNPNCPAQLRERLIHFASRAAMNIEGLGEKVVTQLFNAGLVRDVADLYCLTKEQLVGLERMGEKSAANLLAAIEASKQNSLERLLFGLGIRYVGAKAAQLLAEHFETMERLERATKEELMAVPEIGEKMADAITAFFAQPEATELLQELRAYGVNMAYKGPKRSAEAPADSAFAGKTVVLTGKLASMSRNEAKEQIERLGGRVTGSVSRSTDLVIAGEDAGSKLEKAQQLGIEIWDESRFLQEINRGKR,,,,,,,,,,,,,,,,,
86,AF-P15042-F1-model_v4,Cytoplasmic vesicle,Bacteria,6.5.1.2,DNA ligase (NAD+),NAD + (deoxyribonucleotide)n-3'-hydroxyl + 5'-phospho-(deoxyribonucleotide)m = (deoxyribonucleotide)n+m + AMP + beta-nicotinamide D-nucleotide (overall reaction);;(1a) NAD + [DNA ligase]-L-lysine = [DNA ligase]-N6-(5'-adenylyl)-L-lysine + beta-nicotinamide D-nucleotide;;(1b) [DNA ligase]-N6-(5'-adenylyl)-L-lysine + 5'-phospho-(deoxyribonucleotide)m = 5'-(5'-diphosphoadenosine)-(deoxyribonucleotide)m + [DNA ligase]-L-lysine;;(1c) (deoxyribonucleotide)n-3'-hydroxyl + 5'-(5'-diphosphoadenosine)-(deoxyribonucleotide)m = (deoxyribonucleotide)n+m + AMP,MESIEQQLTELRTTLRHHEYLYHVMDAPEIPDAEYDRLMRELRELETKHPELITPDSPTQRVGAAPLAAFSQIRHEVPMLSLDNVFDEESFLAFNKRVQDRLKNNEKVTWCCELKLDGLAVSILYENGVLVSAATRGDGTTGEDITSNVRTIRAIPLKLHGENIPARLEVRGEVFLPQAGFEKINEDARRTGGKVFANPRNAAAGSLRQLDPRITAKRPLTFFCYGVGVLEGGELPDTHLGRLLQFKKWGLPVSDRVTLCESAEEVLAFYHKVEEDRPTLGFDIDGVVIKVNSLAQQEQLGFVARAPRWAVAFKFPAQEQMTFVRDVEFQVGRTGAITPVARLEPVHVAGVLVSNATLHNADEIERLGLRIGDKVVIRRAGDVIPQVVNVVLSERPEDTREVVFPTHCPVCGSDVERVEGEAVARCTGGLICGAQRKESLKHFVSRRAMDVDGMGDKIIDQLVEKEYVHTPADLFKLTAGKLTGLERMGPKSAQNVVNALEKAKETTFARFLYALGIREVGEATAAGLAAYFGTLEALEAASIEELQKVPDVGIVVASHVHNFFAEESNRNVISELLAEGVHWPAPIVINAEEIDSPFAGKTVVLTGSLSQMSRDDAKARLVELGAKVAGSVSKKTDLVIAGEAAGSKLAKAQELGIEVIDEAEMLRLLGS,,,,,,,,,,,,,,,,,
87,AF-P43813-F1-model_v4,Cytoplasm,Bacteria,6.5.1.2,DNA ligase (NAD+),NAD + (deoxyribonucleotide)n-3'-hydroxyl + 5'-phospho-(deoxyribonucleotide)m = (deoxyribonucleotide)n+m + AMP + beta-nicotinamide D-nucleotide (overall reaction);;(1a) NAD + [DNA ligase]-L-lysine = [DNA ligase]-N6-(5'-adenylyl)-L-lysine + beta-nicotinamide D-nucleotide;;(1b) [DNA ligase]-N6-(5'-adenylyl)-L-lysine + 5'-phospho-(deoxyribonucleotide)m = 5'-(5'-diphosphoadenosine)-(deoxyribonucleotide)m + [DNA ligase]-L-lysine;;(1c) (deoxyribonucleotide)n-3'-hydroxyl + 5'-(5'-diphosphoadenosine)-(deoxyribonucleotide)m = (deoxyribonucleotide)n+m + AMP,MTNIQTQLDNLRKTLRQYEYEYHVLDNPSVPDSEYDRLFHQLKALELEHPEFLTSDSPTQRVGAKPLSGFSQIRHEIPMLSLDNAFSDAEFNAFVKRIEDRLILLPKPLTFCCEPKLDGLAVSILYVNGELTQAATRGDGTTGEDITANIRTIRNVPLQLLTDNPPARLEVRGEVFMPHAGFERLNKYALEHNEKTFANPRNAAAGSLRQLDPNITSKRPLVLNAYGIGIAEGVDLPTTHYARLQWLKSIGIPVNPEIRLCNGADEVLGFYRDIQNKRSSLGYDIDGTVLKINDIALQNELGFISKAPRWAIAYKFPAQEELTLLNDVEFQVGRTGAITPVAKLEPVFVAGVTVSNATLHNGDEIERLNIAIGDTVVIRRAGDVIPQIIGVLHERRPDNAKPIIFPTNCPVCDSQIIRIEGEAVARCTGGLFCAAQRKEALKHFVSRKAMDIDGVGGKLIEQLVDRELIHTPADLFKLDLTTLTRLERMGAKSAENALNSLENAKSTTLARFIFALGIREVGEATALNLANHFKTLDALKDANLEELQQVPDVGEVVANRIFIFWREAHNVAVVEDLIAQGVHWETVEVKEASENLFKDKTVVLTGTLTQMGRNEAKALLQQLGAKVSGSVSSKTDFVIAGDAAGSKLAKAQELNITVLTEEEFLAQITR,,,,,,,,,,,,,,,,,
88,AF-P9WNV1-F1-model_v4,Cytoplasm,Bacteria,6.5.1.2,DNA ligase (NAD+),NAD + (deoxyribonucleotide)n-3'-hydroxyl + 5'-phospho-(deoxyribonucleotide)m = (deoxyribonucleotide)n+m + AMP + beta-nicotinamide D-nucleotide (overall reaction);;(1a) NAD + [DNA ligase]-L-lysine = [DNA ligase]-N6-(5'-adenylyl)-L-lysine + beta-nicotinamide D-nucleotide;;(1b) [DNA ligase]-N6-(5'-adenylyl)-L-lysine + 5'-phospho-(deoxyribonucleotide)m = 5'-(5'-diphosphoadenosine)-(deoxyribonucleotide)m + [DNA ligase]-L-lysine;;(1c) (deoxyribonucleotide)n-3'-hydroxyl + 5'-(5'-diphosphoadenosine)-(deoxyribonucleotide)m = (deoxyribonucleotide)n+m + AMP,MSSPDADQTAPEVLRQWQALAEEVREHQFRYYVRDAPIISDAEFDELLRRLEALEEQHPELRTPDSPTQLVGGAGFATDFEPVDHLERMLSLDNAFTADELAAWAGRIHAEVGDAAHYLCELKIDGVALSLVYREGRLTRASTRGDGRTGEDVTLNARTIADVPERLTPGDDYPVPEVLEVRGEVFFRLDDFQALNASLVEEGKAPFANPRNSAAGSLRQKDPAVTARRRLRMICHGLGHVEGFRPATLHQAYLALRAWGLPVSEHTTLATDLAGVRERIDYWGEHRHEVDHEIDGVVVKVDEVALQRRLGSTSRAPRWAIAYKYPPEEAQTKLLDIRVNVGRTGRITPFAFMTPVKVAGSTVGQATLHNASEIKRKGVLIGDTVVIRKAGDVIPEVLGPVVELRDGSEREFIMPTTCPECGSPLAPEKEGDADIRCPNARGCPGQLRERVFHVASRNGLDIEVLGYEAGVALLQAKVIADEGELFALTERDLLRTDLFRTKAGELSANGKRLLVNLDKAKAAPLWRVLVALSIRHVGPTAARALATEFGSLDAIAAASTDQLAAVEGVGPTIAAAVTEWFAVDWHREIVDKWRAAGVRMVDERDESVPRTLAGLTIVVTGSLTGFSRDDAKEAIVARGGKAAGSVSKKTNYVVAGDSPGSKYDKAVELGVPILDEDGFRRLLADGPASRT,,,,,,,,,,,,,,,,,
89,AF-Q837V6-F1-model_v4,Cytoplasm,Bacteria,6.5.1.2,DNA ligase (NAD+),NAD + (deoxyribonucleotide)n-3'-hydroxyl + 5'-phospho-(deoxyribonucleotide)m = (deoxyribonucleotide)n+m + AMP + beta-nicotinamide D-nucleotide (overall reaction);;(1a) NAD + [DNA ligase]-L-lysine = [DNA ligase]-N6-(5'-adenylyl)-L-lysine + beta-nicotinamide D-nucleotide;;(1b) [DNA ligase]-N6-(5'-adenylyl)-L-lysine + 5'-phospho-(deoxyribonucleotide)m = 5'-(5'-diphosphoadenosine)-(deoxyribonucleotide)m + [DNA ligase]-L-lysine;;(1c) (deoxyribonucleotide)n-3'-hydroxyl + 5'-(5'-diphosphoadenosine)-(deoxyribonucleotide)m = (deoxyribonucleotide)n+m + AMP,MEQQPLTLTAATTRAQELRKQLNQYSHEYYVKDQPSVEDYVYDRLYKELVDIETEFPDLITPDSPTQRVGGKVLSGFEKAPHDIPMYSLNDGFSKEDIFAFDERVRKAIGKPVAYCCELKIDGLAISLRYENGVFVRGATRGDGTVGENITENLRTVRSVPMRLTEPISVEVRGECYMPKQSFVALNEEREENGQDIFANPRNAAAGSLRQLDTKIVAKRNLNTFLYTVADFGPMKAKTQFEALEELSAIGFRTNPERQLCQSIDEVWAYIEEYHEKRSTLPYEIDGIVIKVNEFALQDELGFTVKAPRWAIAYKFPPEEAETVVEDIEWTIGRTGVVTPTAVMAPVRVAGTTVSRASLHNADFIQMKDIRLNDHVIIYKAGDIIPEVAQVLVEKRAADSQPYEMPTHCPICHSELVHLDEEVALRCINPKCPAQIKEGLNHFVSRNAMNIDGLGPRVLAQMYDKGLVKDVADLYFLTEEQLMTLDKIKEKSANNIYTAIQGSKENSVERLIFGLGIRHVGAKAAKILAEHFGDLPTLSRATAEEIVALDSIGETIADSVVTYFENEEVHELMAELEKAQVNLTYKGLRTEQLAEVESPFKDKTVVLTGKLAQYTREEAKEKIENLGGKVTGSVSKKTDIVVAGEDAGSKLTKAESLGVTVWNEQEMVDALDASHF,,,,,,,,,,,,,,,,,
90,AF-Q9AIU7-F1-model_v4,Cytoplasm,Bacteria,6.5.1.2,DNA ligase (NAD+),NAD + (deoxyribonucleotide)n-3'-hydroxyl + 5'-phospho-(deoxyribonucleotide)m = (deoxyribonucleotide)n+m + AMP + beta-nicotinamide D-nucleotide (overall reaction);;(1a) NAD + [DNA ligase]-L-lysine = [DNA ligase]-N6-(5'-adenylyl)-L-lysine + beta-nicotinamide D-nucleotide;;(1b) [DNA ligase]-N6-(5'-adenylyl)-L-lysine + 5'-phospho-(deoxyribonucleotide)m = 5'-(5'-diphosphoadenosine)-(deoxyribonucleotide)m + [DNA ligase]-L-lysine;;(1c) (deoxyribonucleotide)n-3'-hydroxyl + 5'-(5'-diphosphoadenosine)-(deoxyribonucleotide)m = (deoxyribonucleotide)n+m + AMP,MADLSSRVNELHDLLNQYSYEYYVEDNPSVPDSEYDKLLHELIKIEEEHPEYKTVDSPTVRVGGEAQASFNKVNHDTPMLSLGNAFNEDDLRKFDQRIREQIGNVEYMCELKIDGLAVSLKYVDGYFVQGLTRGDGTTGEDITENLKTIHAIPLKMKEPLNVEVRGEAYMPRRSFLRLNEEKEKNDEQLFANPRNAAAGSLRQLDSKLTAKRKLSVFIYSVNDFTDFNARSQSEALDELDKLGFTTNKNRARVNNIDGVLEYIEKWTSQRESLPYDIDGIVIKVNDLDQQDEMGFTQKSPRWAIAYKFPAEEVVTKLLDIELSIGRTGVVTPTAILEPVKVAGTTVSRASLHNEDLIHDRDIRIGDSVVVKKAGDIIPEVVRSIPERRPEDAVTYHMPTHCPSCGHELVRIEGEVALRCINPKCQAQLVEGLIHFVSRQAMNIDGLGTKIIQQLYQSELIKDVADIFYLTEEDLLPLDRMGQKKVDNLLAAIQQAKDNSLENLLFGLGIRHLGVKASQVLAEKYETIDRLLTVTEAELVEIHDIGDKVAQSVVTYLENEDIRALIQKLKDKHVNMIYKGIKTSDIEGHPEFSGKTIVLTGKLHQMTRNEASKWLASQGAKVTSSVTKNTDVVIAGEDAGSKLTKAQSLGIEIWTEQQFVDKQNELNS,,,,,,,,,,,,,,,,,
91,AF-Q9ZHI0-F1-model_v4,Cytoplasm,Bacteria,6.5.1.2,DNA ligase (NAD+),NAD + (deoxyribonucleotide)n-3'-hydroxyl + 5'-phospho-(deoxyribonucleotide)m = (deoxyribonucleotide)n+m + AMP + beta-nicotinamide D-nucleotide (overall reaction);;(1a) NAD + [DNA ligase]-L-lysine = [DNA ligase]-N6-(5'-adenylyl)-L-lysine + beta-nicotinamide D-nucleotide;;(1b) [DNA ligase]-N6-(5'-adenylyl)-L-lysine + 5'-phospho-(deoxyribonucleotide)m = 5'-(5'-diphosphoadenosine)-(deoxyribonucleotide)m + [DNA ligase]-L-lysine;;(1c) (deoxyribonucleotide)n-3'-hydroxyl + 5'-(5'-diphosphoadenosine)-(deoxyribonucleotide)m = (deoxyribonucleotide)n+m + AMP,MTREEARRRINELRDLIRYHNYRYYVLADPEISDAEYDRLLRELKELEERFPEFKSPDSPTEQVGARPLEPTFRPVRHPTRMYSLDNAFTYEEVLAFEERLERALGRKRPFLYTVEHKVDGLSVNLYYEEGVLVFGATRGDGEVGEEVTQNLLTIPTIPRRLKGVPDRLEVRGEVYMPIEAFLRLNEELEERGEKVFKNPRNAAAGSLRQKDPRVTAKRGLRATFYALGLGLEESGLKSQYELLLWLKEKGFPVEHGYEKALGAEGVEEVYRRFLAQRHALPFEADGVVVKLDDLALWRELGYTARAPRFALAYKFPAEEKETRLLDVVFQVGRTGRVTPVGVLEPVFIEGSEVSRVTLHNESYIEELDIRIGDWVLVHKAGGVIPEVLRVLKERRTGEERPIRWPETCPECGHRLVKEGKVHRCPNPLCPAKRFEAIRHYASRKAMDIEGLGEKLIERLLEKGLVRDVADLYHLRKEDLLGLERMGEKSAQNLLRQIEESKHRGLERLLYALGLPGVGEVLARNLARRFGTMDRLLEASLEELLEVEEVGELTARAILETLKDPAFRDLVRRLKEAGVSMESKEEVSDLLSGLTFVLTGELSRPREEVKALLQRLGAKVTDSVSRKTSYLVVGENPGSKLEKARALGVAVLTEEEFWRFLKEKGAPVPA,,,,,,,,,,,,,,,,,
92,AF-G0S6G2-F1-model_v4,Cytoplasm,Eukaryota,6.5.1.3,RNA ligase (ATP),ATP + (ribonucleotide)n-3'-hydroxyl + 5'-phospho-(ribonucleotide)m = (ribonucleotide)n+m + AMP + diphosphate (overall reaction);;(1a) ATP + [RNA ligase]-L-lysine = [RNA ligase]-N6-(5'-adenylyl)-L-lysine + diphosphate;;(1b) [RNA ligase]-N6-(5'-adenylyl)-L-lysine + 5'-phospho-(ribonucleotide)m = 5'-(5'-diphosphoadenosine)-(ribonucleotide)m + [RNA ligase]-L-lysine;;(1c) (ribonucleotide)n-3'-hydroxyl + 5'-(5'-diphosphoadenosine)-(ribonucleotide)m = (ribonucleotide)n+m + AMP,MDGTAEKQRDSLASRYKASTDYAKDAEGLTAPYVSQDPQETAALVRALDDAAKKGKKSGGFSVKKTRYAVASSPTGAEVDSWRFNDWDYKKPDLPTYARGLFTTRTQHGVPEIAVRGYDKFFNIDETRDTAWSAIRERTKGPYELTLKENGCIIFISGLEDGTLLVCSKHSTGDRSDVALSHSSAGEKHLEAQLERIGKTKEELARELRKRNATAVAELCDDSFEEHILAYGPDKAGLYLHGINLNIPEFITYPSPLVQKFAEDWGFRKTGLIIIDNIDDVKAFLEEVAETGAHDGRDVEGFVIRCKKSTNPGVGPYHDWFFKYKFEEPYLMYRQWRECTKALISGKQPKIKKHVKITEEYLLYARKRLAADPKLAKLYNQNHGIIKLRNDFLEYKNMKGTDAANLEDDGAASVTRDIILVPIATIGCGKTTLGVALTKLFGWGHIQNDNITGSKRPPRFTKAVLDELNEHPAVFADRNNSMRQERKQLLTDVKMQHTTARLVALHFVHDDINTVRKVTQERVIQRGDNHQTIQAATDVNKVIGIMEGFIHRFEPCDPEKDPDEGFDAVIDLDPTAGSRENLEVVIRELHRLYPNFVKEVPPAEAMDEAIKFAMESYKPDLRHIIPDRSKNKDKKKEGKQEQQQQPAAQKPPKKKPLEYMSVDMPTKGVLDALEKTFGSVPVEQARFFKQLQGTRRVQAKFHVTLMHRATAKEHPELWQRYTKLHGEATAENPDAQLGELDVQLERVVWDSRIMAIVVRLIPVNPEDAEVKDPAKPDQPGQPKWQCVNRVAHITVGTRDDSVKPKESNDLLCRWLEVGSGGETGIGELIMQGKPILRGIVKGVLSR,,,,,,,,,,,,,,,,,
93,AF-P43075-F1-model_v4,Cytoplasm,Eukaryota,6.5.1.3,RNA ligase (ATP),ATP + (ribonucleotide)n-3'-hydroxyl + 5'-phospho-(ribonucleotide)m = (ribonucleotide)n+m + AMP + diphosphate (overall reaction);;(1a) ATP + [RNA ligase]-L-lysine = [RNA ligase]-N6-(5'-adenylyl)-L-lysine + diphosphate;;(1b) [RNA ligase]-N6-(5'-adenylyl)-L-lysine + 5'-phospho-(ribonucleotide)m = 5'-(5'-diphosphoadenosine)-(ribonucleotide)m + [RNA ligase]-L-lysine;;(1c) (ribonucleotide)n-3'-hydroxyl + 5'-(5'-diphosphoadenosine)-(ribonucleotide)m = (ribonucleotide)n+m + AMP,MKDSQSDIIELCNKLNEATKLKRNGKSIKLTNFVSNTQIKLDSWKFLEWDYGKPSVQLPIQARGLFTLNNDTIAVRGYDKFFNVEEKPFTKETNLKTSTHGPYEVTLKENGCIIFISGLSTGDIVVCSKHSTGDRIDDNESDKTTTATATATAPTRNHAKQGEFELLQQFDGDQQKVKQLAHYLYENNLTVVAELCDDEFEEHVLPYPKDKSGLYVHGLNYNTITFKTLPMDQVLQFAKEWGFKYVSYLTYDNADELFKFLHKCSETGTYNGREIEGFVIRCHRQSHTNGDTDGDCFFFKYKFEQPYLLYRQFREVTKQLLNGTPINSIKIKKNKPITKKYLQFVEKLFEQEPEIARNFENGFDIIKVRQLFLQSLNETNGMNLLSIDSELSDQLKNLALANGNEGLSTTTKYIFVPIATIGCGKTTVFNTLNNLFPQWTHIQNDNISKKAKLKICDLTLLALEDDDQSVVLFDRNNSASRERRQIFTTIDQKRDEHLDDTVDLKYIAINFIPEDLSEEELWDITYNRVIQRGDNHQSIKSQSDENLVESVMKGFIQRYQPINTSRSPDDQFDHVIHLKLSKDENSSKSSLENVRIIIDDLVQNFPDLIKEKPADELINECFQKALDYKPTFVKNMTANTIKKDPTYYGIAMHYSSILENLEIVSHNEHFQNIKSHIQTEFHVTLGHIASSKQDKAGRVKWKKLVKTLGKGDPNKPKSALKFFADVKLLQIVINTDKLACIKVEILKIYDTNDVLQSEIEPINKQLHITIGCIPPATAVESNITLEELYDNPDEQELKPDGTYKCGDDTLHVFNFDNPDLKLFSQQLFVAYQ,,,,,,,,,,,,,,,,,
94,AF-O25008-F1-model_v4,Cytoplasm,Bacteria,2.8.1.7,cysteine desulfurase,L-cysteine + acceptor = L-alanine + S-sulfanyl-acceptor (overall reaction);;(1a) L-cysteine + [enzyme]-cysteine = L-alanine + [enzyme]-S-sulfanylcysteine;;(1b) [enzyme]-S-sulfanylcysteine + acceptor = [enzyme]-cysteine + S-sulfanyl-acceptor,MLQRIYLDNNATTRIDPKVKEIMDPFLRDHYGNPSSLHQFGTETHPAIAEALDKLYKGINARDIDDVIITSCATESNNWVLKGVYFDECLKKGKNHIVTTVAEHPAVRSTCNFLESLGVEVTYLPINEHGSITAEQVKEAITEKTALVSVMWANNETGLIFPIEEIGAICKEKGVLFHTDAVQAIGKIPVDVLKANADFLSFSAHKFHGPKGIGGLYIRSGVGLTPLFHGGEHMNGRRSGTLNVPYIVGMGEAMKLAVEHLDYEKEVVGKLRDKLEEALLKIPDVMVVGDRIHRVPNTTLVSVRGIEGEAMLWDLNRSNIAASTGSACASEDLEANPVMVAIGASKELAHTAIRLSLSRFNTEAEIDKTIEVFSQAAVRLRNISSSY,,,,,,,,,,,,,,,,,
95,AF-O32164-F1-model_v4,Cytoplasm,Bacteria,2.8.1.7,cysteine desulfurase,L-cysteine + acceptor = L-alanine + S-sulfanyl-acceptor (overall reaction);;(1a) L-cysteine + [enzyme]-cysteine = L-alanine + [enzyme]-S-sulfanylcysteine;;(1b) [enzyme]-S-sulfanylcysteine + acceptor = [enzyme]-cysteine + S-sulfanyl-acceptor,MNITDIREQFPILHQQVNGHDLVYLDSAATSQKPRAVIETLDKYYNQYNSNVHRGVHTLGTRATDGYEGAREKVRKFINAKSMAEIIFTKGTTTSLNMVALSYARANLKPGDEVVITYMEHHANIIPWQQAVKATGATLKYIPLQEDGTISLEDVRETVTSNTKIVAVSHVSNVLGTVNPIKEMAKIAHDNGAVIVVDGAQSTPHMKIDVQDLDCDFFALSSHKMCGPTGVGVLYGKKALLENMEPAEFGGEMIDFVGLYESTWKELPWKFEAGTPIIAGAIGLGAAIDFLEEIGLDEISRHEHKLAAYALERFRQLDGVTVYGPEERAGLVTFNLDDVHPHDVATVLDAEGIAVRAGHHCAQPLMKWLDVTATARASFYLYNTEEEIDKLVEALQKTKEYFTNVF,,,,,,,,,,,,,,,,,
96,AF-P0A6B9-F1-model_v4,Cytoplasm,Bacteria,2.8.1.7,cysteine desulfurase,L-cysteine + acceptor = L-alanine + S-sulfanyl-acceptor (overall reaction);;(1a) L-cysteine + [enzyme]-cysteine = L-alanine + [enzyme]-S-sulfanylcysteine;;(1b) [enzyme]-S-sulfanylcysteine + acceptor = [enzyme]-cysteine + S-sulfanyl-acceptor,MKLPIYLDYSATTPVDPRVAEKMMQFMTMDGTFGNPASRSHRFGWQAEEAVDIARNQIADLVGADPREIVFTSGATESDNLAIKGAANFYQKKGKHIITSKTEHKAVLDTCRQLEREGFEVTYLAPQRNGIIDLKELEAAMRDDTILVSIMHVNNEIGVVQDIAAIGEMCRARGIIYHVDATQSVGKLPIDLSQLKVDLMSFSGHKIYGPKGIGALYVRRKPRVRIEAQMHGGGHERGMRSGTLPVHQIVGMGEAYRIAKEEMATEMERLRGLRNRLWNGIKDIEEVYLNGDLEHGAPNILNVSFNYVEGESLIMALKDLAVSSGSACTSASLEPSYVLRALGLNDELAHSSIRFSLGRFTTEEEIDYTIELVRKSIGRLRDLSPLWEMYKQGVDLNSIEWAHH,,,,,,,,,,,,,,,,,
97,AF-Q55793-F1-model_v4,Secreted,Bacteria,2.8.1.7,cysteine desulfurase,L-cysteine + acceptor = L-alanine + S-sulfanyl-acceptor (overall reaction);;(1a) L-cysteine + [enzyme]-cysteine = L-alanine + [enzyme]-S-sulfanylcysteine;;(1b) [enzyme]-S-sulfanylcysteine + acceptor = [enzyme]-cysteine + S-sulfanyl-acceptor,MVALQIPSLAATVRQDFPILNQEINGHPLVYLDNAATSQKPRAVLEKLMHYYENDNANVHRGAHQLSVRATDAYEAVRNKVAKFINARSPREIVYTRNATEAINLVAYSWGMNNLKAGDEIITTVMEHHSNLVPWQMVAAKTGAVLKFVQLDEQESFDLEHFKTLLSEKTKLVTVVHISNTLGCVNPAEEIAQLAHQAGAKVLVDACQSAPHYPLDVQLIDCDWLVASGHKMCAPTGIGFLYGKEEILEAMPPFFGGGEMIAEVFFDHFTTGELPHKFEAGTPAIAEAIALGAAVDYLTDLGMENIHNYEVELTHYLWQGLGQIPQLRLYGPNPKHGDRAALASFNVAGLHASDVATMVDQDGIAIRSGHHCTQPLHRLFDASGSARASLYFYNTKEEIDLFLQSLQATIRFFSDDDFTV,,,,,,,,,,,,,,,,,
98,AF-P06134-F1-model_v4,Cytoplasm,Bacteria,2.1.1.63,methylated-DNA---[protein]-cysteine S-methyltransferase,(1) DNA (containing 6-O-methylguanine) + protein L-cysteine = DNA (without 6-O-methylguanine) + protein S-methyl-L-cysteine;;(2) DNA (containing 4-O-methylthymine) + protein L-cysteine = DNA (without 4-O-methylthymine) + protein S-methyl-L-cysteine,MKKATCLTDDQRWQSVLARDPNADGEFVFAVRTTGIFCRPSCRARHALRENVSFYANASEALAAGFRPCKRCQPEKANAQQHRLDKITHACRLLEQETPVTLEALADQVAMSPFHLHRLFKATTGMTPKAWQQAWRARRLRESLAKGESVTTSILNAGFPDSSSYYRKADETLGMTAKQFRHGGENLAVRYALADCELGRCLVAESERGICAILLGDDDATLISELQQMFPAADNAPADLMFQQHVREVIASLNQRDTPLTLPLDIRGTAFQQQVWQALRTIPCGETVSYQQLANAIGKPKAVRAVASACAANKLAIIIPCHRVVRGDGTLSGYRWGVSRKAQLLRREAENEER,,,,,,,,,,,,,,,,,
99,AF-P9WJW5-F1-model_v4,Cytoplasm,Bacteria,2.1.1.63,methylated-DNA---[protein]-cysteine S-methyltransferase,(1) DNA (containing 6-O-methylguanine) + protein L-cysteine = DNA (without 6-O-methylguanine) + protein S-methyl-L-cysteine;;(2) DNA (containing 4-O-methylthymine) + protein L-cysteine = DNA (without 4-O-methylthymine) + protein S-methyl-L-cysteine,MIHYRTIDSPIGPLTLAGHGSVLTNLRMLEQTYEPSRTHWTPDPGAFSGAVDQLNAYFAGELTEFDVELDLRGTDFQQRVWKALLTIPYGETRSYGEIADQIGAPGAARAVGLANGHNPIAIIVPCHRVIGASGKLTGYGGGINRKRALLELEKSRAPADLTLFD,,,,,,,,,,,,,,,,,
100,AF-P09110-F1-model_v4,Peroxisome,Eukaryota,2.3.1.16,acetyl-CoA C-acyltransferase,acyl-CoA + acetyl-CoA = CoA + 3-oxoacyl-CoA (overall reaction);;(1a) [acetyl-CoA C-acyltransferase]-S-acyl-L-cysteine + acetyl-CoA = 3-oxoacyl-CoA + [acetyl-CoA C-acyltransferase]-L-cysteine;;(1b) acyl-CoA + [acetyl-CoA C-acyltransferase]-L-cysteine = [acetyl-CoA C-acyltransferase]-S-acyl-L-cysteine + CoA,MQRLQVVLGHLRGPADSGWMPQAAPCLSGAPQASAADVVVVHGRRTAICRAGRGGFKDTTPDELLSAVMTAVLKDVNLRPEQLGDICVGNVLQPGAGAIMARIAQFLSDIPETVPLSTVNRQCSSGLQAVASIAGGIRNGSYDIGMACGVESMSLADRGNPGNITSRLMEKEKARDCLIPMGITSENVAERFGISREKQDTFALASQQKAARAQSKGCFQAEIVPVTTTVHDDKGTKRSITVTQDEGIRPSTTMEGLAKLKPAFKKDGSTTAGNSSQVSDGAAAILLARRSKAEELGLPILGVLRSYAVVGVPPDIMGIGPAYAIPVALQKAGLTVSDVDIFEINEAFASQAAYCVEKLRLPPEKVNPLGGAVALGHPLGCTGARQVITLLNELKRRGKRAYGVVSMCIGTGMGAAAVFEYPGN,,,,,,,,,,,,,,,,,
101,AF-P0A2H7-F1-model_v4,Cytoplasm,Bacteria,2.3.1.16,acetyl-CoA C-acyltransferase,acyl-CoA + acetyl-CoA = CoA + 3-oxoacyl-CoA (overall reaction);;(1a) [acetyl-CoA C-acyltransferase]-S-acyl-L-cysteine + acetyl-CoA = 3-oxoacyl-CoA + [acetyl-CoA C-acyltransferase]-L-cysteine;;(1b) acyl-CoA + [acetyl-CoA C-acyltransferase]-L-cysteine = [acetyl-CoA C-acyltransferase]-S-acyl-L-cysteine + CoA,MEQVVIVDAIRTPMGRSKGGAFRNVRAEDLSAHLMRSLLARNPSLTAATLDDIYWGCVQQTLEQGFNIARNAALLAEIPHSVPAVTVNRLCGSSMQALHDAARMIMTGDAQVCLVGGVEHMGHVPMSHGVDFHPGLSRNVAKAAGMMGLTAEMLSRLHGISREMQDQFAARSHARAWAATQSGAFKTEIIPTGGHDADGVLKQFNYDEVIRPETTVEALSTLRPAFDPVSGTVTAGTSSALSDGAAAMLVMSESRARELGLKPRARIRSMAVVGCDPSIMGYGPVPASKLALKKAGLSASDIDVFEMNEAFAAQILPCIKDLGLMEQIDEKINLNGGAIALGHPLGCSGARISTTLINLMERKDAQFGLATMCIGLGQGIATVFERV,,,,,,,,,,,,,,,,,
102,AF-P55084-F1-model_v4,Endoplasmic reticulum,Eukaryota,2.3.1.16,acetyl-CoA C-acyltransferase,acyl-CoA + acetyl-CoA = CoA + 3-oxoacyl-CoA (overall reaction);;(1a) [acetyl-CoA C-acyltransferase]-S-acyl-L-cysteine + acetyl-CoA = 3-oxoacyl-CoA + [acetyl-CoA C-acyltransferase]-L-cysteine;;(1b) acyl-CoA + [acetyl-CoA C-acyltransferase]-L-cysteine = [acetyl-CoA C-acyltransferase]-S-acyl-L-cysteine + CoA,MTILTYPFKNLPTASKWALRFSIRPLSCSSQLRAAPAVQTKTKKTLAKPNIRNVVVVDGVRTPFLLSGTSYKDLMPHDLARAALTGLLHRTSVPKEVVDYIIFGTVIQEVKTSNVAREAALGAGFSDKTPAHTVTMACISANQAMTTGVGLIASGQCDVIVAGGVELMSDVPIRHSRKMRKLMLDLNKAKSMGQRLSLISKFRFNFLAPELPAVSEFSTSETMGHSADRLAAAFAVSRLEQDEYALRSHSLAKKAQDEGLLSDVVPFKVPGKDTVTKDNGIRPSSLEQMAKLKPAFIKPYGTVTAANSSFLTDGASAMLIMAEEKALAMGYKPKAYLRDFMYVSQDPKDQLLLGPTYATPKVLEKAGLTMNDIDAFEFHEAFSGQILANFKAMDSDWFAENYMGRKTKVGLPPLEKFNNWGGSLSLGHPFGATGCRLVMAAANRLRKEGGQYGLVAACAAGGQGHAMIVEAYPK,,,,,,,,,,,,,,,,,
103,AF-Q56WD9-F1-model_v4,Glyoxysome,Eukaryota,2.3.1.16,acetyl-CoA C-acyltransferase,acyl-CoA + acetyl-CoA = CoA + 3-oxoacyl-CoA (overall reaction);;(1a) [acetyl-CoA C-acyltransferase]-S-acyl-L-cysteine + acetyl-CoA = 3-oxoacyl-CoA + [acetyl-CoA C-acyltransferase]-L-cysteine;;(1b) acyl-CoA + [acetyl-CoA C-acyltransferase]-L-cysteine = [acetyl-CoA C-acyltransferase]-S-acyl-L-cysteine + CoA,MEKAIERQRVLLEHLRPSSSSSHNYEASLSASACLAGDSAAYQRTSLYGDDVVIVAAHRTPLCKSKRGNFKDTYPDDLLAPVLRALIEKTNLNPSEVGDIVVGTVLAPGSQRASECRMAAFYAGFPETVAVRTVNRQCSSGLQAVADVAAAIKAGFYDIGIGAGLESMTTNPMAWEGSVNPAVKKFAQAQNCLLPMGVTSENVAQRFGVSRQEQDQAAVDSHRKAAAATAAGKFKDEIIPVKTKLVDPKTGDEKPITVSVDDGIRPTTTLASLGKLKPVFKKDGTTTAGNSSQVSDGAGAVLLMKRSVAMQKGLPVLGVFRTFAAVGVDPAIMGIGPAVAIPAAVKAAGLELDDIDLFEINEAFASQFVYCRNKLGLDPEKINVNGGAMAIGHPLGATGARCVATLLHEMKRRGKDCRFGVVSMCIGTGMGAAAVFERGDGVDELRNARKVEAQGLLSKDAR,,,,,,,,,,,,,,,,,
104,AF-Q6W6X6-F1-model_v4,Cytoplasm,Eukaryota,2.3.1.16,acetyl-CoA C-acyltransferase,acyl-CoA + acetyl-CoA = CoA + 3-oxoacyl-CoA (overall reaction);;(1a) [acetyl-CoA C-acyltransferase]-S-acyl-L-cysteine + acetyl-CoA = 3-oxoacyl-CoA + [acetyl-CoA C-acyltransferase]-L-cysteine;;(1b) acyl-CoA + [acetyl-CoA C-acyltransferase]-L-cysteine = [acetyl-CoA C-acyltransferase]-S-acyl-L-cysteine + CoA,MERAIERQRVLLEHLRPSSTSSSLENLSVSVCAAGDSAAYQRNSVFGDDVVIVAAYRSPLCKAKRGGLKDTYPDDILAPVLKALIEKTNINPAEVGDIVVGSVLGAGSQRASECRMAAFYAGFPETVPVRTVNRQCSSGLQAVADVAAAIKAGFYDIGIGAGLESMTANPMAWEGSVNPKVKTMAQAQDCLLPMGITSENVAQKFSITRQEQDQAAVGSHRKAAAATAAGRFKDEIIPIKTKIVDPKTGDEKPVTISVDDGIRPGTSLADLAKLKPVFRKDGSTTAGTSSQVSDGAGAVLLMKRSIALQKGLPILGVFRTFAAVGVPPSIMGIGPAVAIPAAVKAAGLQIDDIDLFEINEAFASQFVYCQKKLEIDPQKINVNGGAMAIGHPLGATGARCVATLLHEMKRRGRDCRFGVVSMCIGTGMGAAAVFERGDACDELCNAKAK,,,,,,,,,,,,,,,,,
105,AF-P0AB89-F1-model_v4,Cytoplasm,Bacteria,4.3.2.2,adenylosuccinate lyase,"(1) N6-(1,2-dicarboxyethyl)AMP = fumarate + AMP;;(2) (S)-2-[5-amino-1-(5-phospho-D-ribosyl)imidazole-4-carboxamido]succinate = fumarate + 5-amino-1-(5-phospho-D-ribosyl)imidazole-4-carboxamide",MELSSLTAVSPVDGRYGDKVSALRGIFSEYGLLKFRVQVEVRWLQKLAAHAAIKEVPAFAADAIGYLDAIVASFSEEDAARIKTIERTTNHDVKAVEYFLKEKVAEIPELHAVSEFIHFACTSEDINNLSHALMLKTARDEVILPYWRQLIDGIKDLAVQYRDIPLLSRTHGQPATPSTIGKEMANVAYRMERQYRQLNQVEILGKINGAVGNYNAHIAAYPEVDWHQFSEEFVTSLGIQWNPYTTQIEPHDYIAELFDCVARFNTILIDFDRDVWGYIALNHFKQKTIAGEIGSSTMPHKVNPIDFENSEGNLGLSNAVLQHLASKLPVSRWQRDLTDSTVLRNLGVGIGYALIAYQSTLKGVSKLEVNRDHLLDELDHNWEVLAEPIQTVMRRYGIEKPYEKLKELTRGKRVDAEGMKQFIDGLALPEEEKARLKAMTPANYIGRAITMVDELK,,,,,,,,,,,,,,,,,
106,AF-Q21774-F1-model_v4,Cytoplasm,Eukaryota,4.3.2.2,adenylosuccinate lyase,"(1) N6-(1,2-dicarboxyethyl)AMP = fumarate + AMP;;(2) (S)-2-[5-amino-1-(5-phospho-D-ribosyl)imidazole-4-carboxamido]succinate = fumarate + 5-amino-1-(5-phospho-D-ribosyl)imidazole-4-carboxamide",MASEDKFESVLSTRYCKNSPLVSILSETNKATLWRQLWIWLAEAEKELGLKQVTQDAIDEMKSNRDVFDWPFIRSEERKLKHDVMAHNHAFGKLCPTAAGIIHLGATSCFVQDNADLIAYRDSIDHILKRFATVIDRLAAFSLKNKEVVTVGRTHYQTASLVTVGKRGVLWAQELLMAFQSLSEFRDKMRFRGIKGATGTQDSFLTLFAGDESKVEALDELVTKKANFSNRFLITGQTYSRQQDSQLVFSLSLLGAAAKKVCTDIRVLQAFGELLEPFEKDQIGSSAMPYKKNPMKSERCCALSRKLINAPQEALTILADQGLERTLDDSAGRRMLIPDVLLTAEALLTTLQNIFEGLSVQTDNVKKIVEDEIAFLGLEKAMMMLTEEGVDRQQAHAVIRKTALEAKQLQATQKVDIRQTMADPFFDSVRDRVVGLVNNPINFTGRCVSQTESFIAKELKPTIDKYLDKSAGNVQLDV,,,,,,,,,,,,,,,,,
107,AF-Q5ZXD1-F1-model_v4,Cytoplasm,Bacteria,4.3.2.2,adenylosuccinate lyase,"(1) N6-(1,2-dicarboxyethyl)AMP = fumarate + AMP;;(2) (S)-2-[5-amino-1-(5-phospho-D-ribosyl)imidazole-4-carboxamido]succinate = fumarate + 5-amino-1-(5-phospho-D-ribosyl)imidazole-4-carboxamide",MTLTALNAISPIDGRYVNKTRALSPYFSEFALTYYRLMVEIKWFESLAANDTIPEVPALDNKARKFLSDLISNFNESEAEKIKEFEKQTNHDVKAVEYYLQDKFQENEQLKSCVAFIHFACTSEDINNLAYALMIKQAIAQVIQPTIAEIMGSITLLGKQHADVAMLSRTHGQPATPTTMGKELVNFVARLKRPQQQLAEVLIPAKFNGAVGNYNAHVAAYPEVDWRKHCANFVTSLGLSFNAYTTQIEPHDGIAEVSQIMVRINNILLDYTQDIWSYISLGYFKQKTIAEEVGSSTMPHKVNPIDFENAEGNLGLSNALFIHFANKLTQSRMQRDLSDSTVLRNLGVAFSYSLIAYHSVAKGNDKLQINKSALQKDLSENWEVLAEAIQTVMRRYNEPNAYEQLKELTRGQMIDAENLKKFIKTLSIPEEAKAELMKLTPETYTGLATQLVKAFS,,,,,,,,,,,,,,,,,
108,AF-Q9I0K9-F1-model_v4,Cytoplasm,Bacteria,4.3.2.2,adenylosuccinate lyase,"(1) N6-(1,2-dicarboxyethyl)AMP = fumarate + AMP;;(2) (S)-2-[5-amino-1-(5-phospho-D-ribosyl)imidazole-4-carboxamido]succinate = fumarate + 5-amino-1-(5-phospho-D-ribosyl)imidazole-4-carboxamide",MQLSSLTAVSPVDGRYAGKTSSLRPIFSEYGLIRFRVMVEVRWLQRLAAHAGIPEVAPFSAEANALLDSLASDFQLEHAERIKEIERTTNHDVKAVEYLLKEQAAKLPELAAVSEFIHFACTSEDINNLSHALMLREGRDSVLLPLMRQIAEAIRELAVKLADVPMLSRTHGQPASPTTLGKELANVVYRLERQIKQVAGIELLGKINGAVGNYNAHLSAYPEVDWEANARQFIEGDLGLTFNPYTTQIEPHDYIAELFDAIARFNTILIDFDRDVWGYISLGYFKQKTVAGEIGSSTMPHKVNPIDFENSEGNLGIANALFQHLASKLPISRWQRDLTDSTVLRNLGVGIAHSIIAYEASLKGIGKLELNAQRIAEDLDACWEVLAEPVQTVMRRYGVENPYEKLKELTRGKGISAEALQTFIEELAIPAEAKVELKKLTPAGYVGNAAAQAKRI,,,,,,,,,,,,,,,,,
109,AF-Q9X0I0-F1-model_v4,Cytoplasm,Bacteria,4.3.2.2,adenylosuccinate lyase,"(1) N6-(1,2-dicarboxyethyl)AMP = fumarate + AMP;;(2) (S)-2-[5-amino-1-(5-phospho-D-ribosyl)imidazole-4-carboxamido]succinate = fumarate + 5-amino-1-(5-phospho-D-ribosyl)imidazole-4-carboxamide",MVERYSLSPMKDLWTEEAKYRRWLEVELAVTRAYEELGMIPKGVTERIRNNAKIDVELFKKIEEKTNHDVVAFVEGIGSMIGEDSRFFHYGLTSSDVLDTANSLALVEAGKILLESLKEFCDVLWEVANRYKHTPTIGRTHGVHAEPTSFGLKVLGWYSEMKRNVQRLERAIEEVSYGKISGAVGNYANVPPEVEEKALSYLGLKPEPVSTQVVPRDRHAFYLSTLAIVAAGIERIAVEIRHLQRTEVLEVEEPFRKGQRGSSAMPHKKNPITCERLTGLSRMMRAYVDPSLENIALWHERDISHSSVERYVFPDATQTLYYMIVTATNVVRNMKVNEERMKKNIDLTKGLVFSQRVLLKLIEKGLTRKEAYDIVQRNALKTWNSEKHFLEYLLEDEEVKKLVTKEELEELFDISYYLKHVDHIFERFEKE,,,,,,,,,,,,,,,,,
110,AF-P31142-F1-model_v4,Cytoplasm,Bacteria,2.8.1.2,3-mercaptopyruvate sulfurtransferase,2-oxo-3-sulfanylpropanoate + reduced thioredoxin = pyruvate + hydrogen sulfide + oxidized thioredoxin (overall reaction);;(1a) 2-oxo-3-sulfanylpropanoate + [3-mercaptopyruvate sulfurtransferase]-L-cysteine = pyruvate + [3-mercaptopyruvate sulfurtransferase]-S-sulfanyl-L-cysteine;;(1b) [3-mercaptopyruvate sulfurtransferase]-S-sulfanyl-L-cysteine + reduced thioredoxin = hydrogen sulfide + [3-mercaptopyruvate sulfurtransferase]-L-cysteine + oxidized thioredoxin,MSTTWFVGADWLAEHIDDPEIQIIDARMASPGQEDRNVAQEYLNGHIPGAVFFDIEALSDHTSPLPHMLPRPETFAVAMRELGVNQDKHLIVYDEGNLFSAPRAWWMLRTFGVEKVSILGGGLAGWQRDDLLLEEGAVELPEGEFNAAFNPEAVVKVTDVLLASHENTAQIIDARPAARFNAEVDEPRPGLRRGHIPGALNVPWTELVREGELKTTDELDAIFFGRGVSYDKPIIVSCGSGVTAAVVLLALATLDVPNVKLYDGAWSEWGARADLPVEPVK,,,,,,,,,,,,,,,,,
111,AF-P51857-F1-model_v4,Cytoplasm,Eukaryota,1.3.1.3,Delta4-3-oxosteroid 5beta-reductase,"(1) 5beta-cholestan-3-one + NADP+ = cholest-4-en-3-one + NADPH + H+;;(2) 17,21-dihydroxy-5beta-pregnane-3,11,20-trione + NADP+ = cortisone + NADPH + H+",MDLSAASHRIPLSDGNSIPIIGLGTYSEPKSTPKGACATSVKVAIDTGYRHIDGAYIYQNEHEVGEAIREKIAEGKVRREDIFYCGKLWATNHVPEMVRPTLERTLRVLQLDYVDLYIIEVPMAFKPGDEIYPRDENGKWLYHKSNLCATWEAMEACKDAGLVKSLGVSNFNRRQLELILNKPGLKHKPVSNQVECHPYFTQPKLLKFCQQHDIVITAYSPLGTSRNPIWVNVSSPPLLKDALLNSLGKRYNKTAAQIVLRFNIQRGVVVIPKSFNLERIKENFQIFDFSLTEEEMKDIEALNKNVRFVELLMWRDHPEYPFHDEY,,,,,,,,,,,,,,,,,
112,AF-Q05871-F1-model_v4,Peroxisome,Eukaryota,5.3.3.8,Delta3-Delta2-enoyl-CoA isomerase,(1) a (3Z)-alk-3-enoyl-CoA = a (2E)-alk-2-enoyl-CoA;;(2) a (3E)-alk-3-enoyl-CoA = a (2E)-alk-2-enoyl-CoA,MSQEIRQNEKISYRIEGPFFIIHLMNPDNLNALEGEDYIYLGELLELADRNRDVYFTIIQSSGRFFSSGADFKGIAKAQGDDTNKYPSETSKWVSNFVARNVYVTDAFIKHSKVLICCLNGPAIGLSAALVALCDIVYSINDKVYLLYPFANLGLITEGGTTVSLPLKFGTNTTYECLMFNKPFKYDIMCENGFISKNFNMPSSNAEAFNAKVLEELREKVKGLYLPSCLGMKKLLKSNHIDAFNKANSVEVNESLKYWVDGEPLKRFRQLGSKQRKHRL,,,,,,,,,,,,,,,,,
113,AF-Q65CJ7-F1-model_v4,Cytoplasm,Eukaryota,1.1.1.237,hydroxyphenylpyruvate reductase,"(1) (R)-3-(4-hydroxyphenyl)lactate + NAD(P)+ = 3-(4-hydroxyphenyl)pyruvate + NAD(P)H + H+;;(2) (R)-3-(3,4-dihydroxyphenyl)lactate + NAD(P)+ = 3-(3,4-dihydroxyphenyl)pyruvate + NAD(P)H + H+;;",MEAIGVLMMCPMSTYLEQELDKRFKLFRYWTQPAQRDFLALQAESIRAVVGNSNAGADAELIDALPKLEIVSSFSVGLDKVDLIKCEEKGVRVTNTPDVLTDDVADLAIGLILAVLRRICECDKYVRRGAWKFGDFKLTTKFSGKRVGIIGLGRIGLAVAERAEAFDCPISYFSRSKKPNTNYTYYGSVVELASNSDILVVACPLTPETTHIINREVIDALGPKGVLINIGRGPHVDEPELVSALVEGRLGGAGLDVFEREPEVPEKLFGLENVVLLPHVGSGTVETRKVMADLVVGNLEAHFSGKPLLTPVV,,,,,,,,,,,,,,,,,
114,AF-Q8VDL4-F1-model_v4,Secreted,Eukaryota,2.7.1.147,ADP-specific glucose/glucosamine kinase,(1) ADP + D-glucose = AMP + D-glucose 6-phosphate;;(2) ADP + D-glucosamine = AMP + D-glucosamine 6-phosphate,MALWRGSACAGFLALAVGCVFLLEPELPGTALRSLWSSLRLGPAPVPVGPLSPESRLAAAWDALIAQPARRWRRVAVGVNACVDVVISGVKLLQALGLSPGSGKDHAILHSRSDLEEAFLYFMGKGAAAERFFSDKETFHDIAQAASEFPGAQHYVGGNAALIGQRFAANTDLKVLLCGPIGPKLHELLDDNVFVPPESLQEEDEFHLILEYLAGEEWGPFKAPHANRFIFSHDLSNGAMNMLEVFVSSLEEFQPDLVVLSGLHMMEGQSKELQRKRLLEVVTAISDIPTGIPVHLELASMTNRELMSSIVHQQVFPAVASLGLNEQELLFLSQSASGPHSSLSSWDGVPDVGMVSDILFWILKEHGRSENRASDLTRIHFHTLVYHILATVDGHWANQLAAVAAGARVAGTQACATETIDTNRVSLRAPQEFTTSHLESGSRIVLNPDKPVVEWHREGITFHFTPVLVCKDPVRTVGLGDAISAEGLFYSEARPD,,,,,,,,,,,,,,,,,
